"DIVIPOLA","City_Municipality","ID_Deparment","Department","Latitude","Longitude","03/06/2020","03/09/2020","03/11/2020","03/12/2020","03/13/2020","03/14/2020","03/15/2020","03/16/2020","03/17/2020","03/18/2020","03/19/2020","03/20/2020","03/21/2020","03/22/2020","03/23/2020","03/24/2020","03/25/2020","03/26/2020","03/27/2020","03/28/2020","03/29/2020","03/30/2020","03/31/2020","04/01/2020","04/02/2020","04/03/2020","04/04/2020","04/05/2020","04/06/2020","04/07/2020","04/08/2020","04/09/2020","04/10/2020","04/11/2020","04/12/2020","04/13/2020","04/14/2020","04/15/2020","04/16/2020","04/17/2020","04/18/2020","04/19/2020","04/20/2020","04/21/2020","04/22/2020","04/23/2020","04/24/2020","04/25/2020","04/26/2020","04/27/2020","04/28/2020","04/29/2020","04/30/2020","05/01/2020","05/02/2020","05/03/2020","05/04/2020","05/05/2020","6/05/2020","7/05/2020","8/05/2020","9/05/2020","10/05/2020","11/05/2020"
"5001","Medellín","5","Antioquia","5.610109776","-74.88681663","0","1","3","3","3","5","6","6","6","6","9","16","17","19","32","32","38","38","38","42","50","58","62","63","73","84","86","95","100","113","140","142","147","150","157","168","181","191","195","201","209","220","226","229","235","250","255","256","259","267","270","274","278","279","279","285","288","291","294","297","300","301","303","308"
"5030","Amagá","5","Antioquia","6.038808575","-75.70194607","0","0","0","0","0","0","0","0","0","0","0","0","0","0","0","0","0","0","0","0","0","0","0","0","0","0","0","0","0","0","0","0","0","0","0","0","0","0","0","0","1","1","1","1","1","1","1","1","1","1","1","1","1","1","1","1","1","1","1","1","1","1","1","1"
"5034","Andes","5","Antioquia","5.656774852","-75.87879189","0","0","0","0","0","0","0","0","0","0","0","0","0","0","0","0","0","0","0","0","0","0","0","0","0","0","0","0","0","0","0","0","0","0","0","0","0","1","1","1","1","1","1","1","1","1","1","1","1","1","1","1","1","1","1","1","1","1","1","1","1","1","1","1"
"5038","Angostura","5","Antioquia","6.885174591","-75.33511597","0","0","0","0","0","0","0","0","0","0","0","0","0","0","0","0","0","0","0","0","0","0","0","0","0","0","0","0","0","1","1","1","1","1","1","1","1","1","1","1","1","1","1","1","1","1","1","1","1","1","1","1","1","1","1","1","1","1","1","1","1","1","1","1"
"5045","Apartadó","5","Antioquia","7.883417406","-76.62596065","0","0","0","0","0","0","0","0","0","0","0","0","0","0","1","1","1","1","1","1","1","1","1","1","1","1","1","3","3","3","4","4","4","4","4","4","4","4","4","4","4","4","4","4","4","4","4","4","4","4","4","4","4","4","4","4","4","4","4","4","4","4","4","4"
"5079","Barbosa","5","Antioquia","6.439226882","-75.33164423","0","0","0","0","0","0","0","0","0","0","0","0","0","0","0","0","0","0","0","0","0","0","0","0","0","0","0","0","0","0","0","0","0","0","0","0","0","0","0","0","0","0","0","0","0","1","1","1","1","1","1","1","1","1","1","1","1","1","1","1","1","1","1","1"
"5088","Bello","5","Antioquia","6.334068836","-75.55466507","0","0","0","0","0","0","0","0","0","0","0","0","1","2","3","3","4","4","4","4","7","7","7","9","11","11","11","14","15","15","19","19","19","20","20","21","24","24","25","32","32","34","38","38","43","45","45","46","46","46","46","47","47","47","48","49","49","49","49","49","50","50","50","50"
"5129","Caldas","5","Antioquia","6.091296966","-75.63361872","0","0","0","0","0","0","0","0","0","0","0","0","0","0","0","0","0","0","0","0","0","0","0","0","1","1","1","2","3","3","3","3","3","3","3","3","3","3","3","3","3","3","3","3","3","3","3","3","3","3","3","3","3","3","3","3","3","3","3","3","3","3","3","3"
"5148","El Carmen de Viboral","5","Antioquia","6.084551516","-75.33536246","0","0","0","0","0","0","0","0","0","0","0","0","0","0","0","0","0","0","0","0","0","0","0","0","0","0","0","0","0","0","0","0","0","0","0","0","0","0","0","0","0","0","0","0","0","0","0","0","0","0","0","0","0","0","0","0","0","0","1","1","1","1","1","1"
"5190","Cisneros","5","Antioquia","6.537761957","-75.08720761","0","0","0","0","0","0","0","0","0","0","0","0","0","0","0","0","0","0","0","0","0","0","0","0","0","0","0","0","0","0","0","0","0","0","0","0","0","0","0","0","0","0","0","0","0","0","0","0","0","0","0","0","0","0","0","0","0","0","0","0","0","0","0","1"
"5197","Cocorná","5","Antioquia","6.058306335","-75.18548101","0","0","0","0","0","0","0","0","0","0","0","0","0","0","0","0","0","0","0","0","0","0","0","0","0","0","1","1","1","1","1","1","1","1","1","1","1","1","1","1","1","1","1","1","1","1","1","1","1","1","1","1","1","1","1","1","1","1","1","1","1","1","1","1"
"5212","Copacabana","5","Antioquia","6.348640545","-75.5093439","0","0","0","0","0","0","0","0","0","0","0","0","0","0","0","0","0","0","0","0","0","0","0","0","0","0","0","0","0","0","1","1","1","2","2","2","2","2","2","3","3","4","5","5","6","7","7","7","7","7","7","7","7","8","8","8","10","10","11","11","11","12","12","12"
"5237","Donmatías","5","Antioquia","6.484469957","-75.39272406","0","0","0","0","0","0","0","0","0","0","0","0","0","0","0","0","0","0","0","0","0","0","0","0","1","1","1","1","1","1","1","1","1","1","1","1","1","1","1","1","1","1","1","1","1","1","1","1","1","1","1","1","1","1","1","1","1","1","1","1","1","1","1","1"
"5266","Envigado","5","Antioquia","6.167004552","-75.58301014","0","0","0","0","0","0","0","0","0","0","0","2","2","2","4","4","4","4","4","4","9","10","10","12","14","16","16","18","18","18","20","21","22","22","23","23","24","25","25","25","25","25","25","25","25","26","26","26","26","26","26","26","26","26","26","26","26","26","26","26","26","26","26","26"
"5284","Frontino","5","Antioquia","6.776065912","-76.13076514","0","0","0","0","0","0","0","0","0","0","0","0","0","0","0","0","1","1","1","1","1","1","1","1","1","1","1","1","1","1","1","1","1","1","1","1","1","1","1","1","1","1","1","1","1","1","1","1","1","1","1","1","1","1","1","1","1","1","1","1","1","1","1","1"
"5313","Granada","5","Antioquia","6.142896667","-75.18444508","0","0","0","0","0","0","0","0","0","0","0","0","0","0","0","0","0","0","0","0","0","0","0","0","0","0","0","0","0","0","0","0","0","0","0","0","0","0","0","1","1","1","1","1","1","1","1","1","1","1","1","1","1","1","1","1","1","1","1","1","1","1","1","1"
"5318","Guarne","5","Antioquia","6.278064077","-75.44165392","0","0","0","0","0","0","0","0","0","0","0","0","1","1","1","1","1","1","1","1","1","1","1","1","1","1","1","2","2","2","2","2","2","2","2","2","2","2","2","2","2","2","2","2","2","3","3","3","3","3","3","3","3","3","3","3","3","3","3","3","3","3","3","3"
"5321","Guatapé","5","Antioquia","6.232592707","-75.16229259","0","0","0","0","0","0","0","0","0","0","0","0","0","1","1","1","1","1","1","1","1","1","1","1","1","1","1","1","1","1","1","1","2","2","2","2","2","2","2","2","2","2","2","2","2","2","2","2","2","2","2","2","2","2","2","2","2","2","2","2","2","2","2","2"
"5360","Itagüí","5","Antioquia","6.169597629","-75.61435871","0","0","1","1","1","1","1","1","1","1","1","1","1","1","2","2","2","2","2","2","2","2","2","2","3","7","7","9","9","10","10","10","10","10","10","10","10","10","11","11","11","13","13","13","13","13","13","13","13","13","13","13","13","13","13","13","13","13","13","14","14","14","14","14"
"5376","La Ceja","5","Antioquia","6.028055744","-75.42943089","0","0","0","0","0","0","0","0","0","0","0","0","0","0","0","0","0","0","0","0","1","1","1","1","1","1","1","1","1","1","1","2","2","2","2","2","2","2","2","2","2","2","2","2","2","2","2","2","2","2","2","2","2","2","2","2","2","2","2","2","2","2","2","2"
"5380","La Estrella","5","Antioquia","6.15841974","-75.64519038","0","0","0","0","0","0","0","0","0","0","0","1","1","1","1","1","1","1","1","1","1","2","2","2","2","2","3","3","3","3","4","4","4","4","4","4","4","4","5","5","5","6","6","6","6","8","9","9","9","9","9","9","9","9","9","9","9","9","9","9","9","9","9","9"
"5467","Montebello","5","Antioquia","5.946325567","-75.52351091","0","0","0","0","0","0","0","0","0","0","0","0","0","0","0","0","0","0","0","1","1","1","1","1","1","1","1","3","3","3","3","3","3","3","3","3","3","3","3","3","3","3","3","3","3","3","3","3","3","3","3","3","3","3","3","3","3","3","3","3","3","3","3","3"
"5607","Retiro","5","Antioquia","6.063379954","-75.50137516","0","0","0","0","0","0","0","0","0","0","0","0","0","0","1","1","1","1","1","1","1","1","1","1","1","1","1","1","1","1","1","1","1","1","1","1","1","1","1","1","1","1","1","1","1","1","1","1","1","1","1","1","1","1","1","1","1","1","1","1","1","1","1","1"
"5615","Rionegro","5","Antioquia","6.14722409","-75.37676938","0","0","0","0","0","1","1","1","1","1","1","2","2","3","4","4","4","4","4","4","5","5","5","5","8","8","8","8","9","9","10","10","10","10","10","10","10","10","10","10","10","10","10","10","10","10","10","10","10","10","10","10","10","11","11","11","11","11","11","11","11","11","11","11"
"5631","Sabaneta","5","Antioquia","6.150970181","-75.61558529","0","0","0","0","0","0","0","0","0","0","0","0","0","0","2","2","2","2","2","3","3","3","4","4","4","5","6","6","9","9","9","9","9","9","9","9","9","9","9","9","9","9","9","9","9","9","9","9","9","9","9","9","9","9","9","9","9","9","9","9","9","9","9","9"
"5652","San Francisco","5","Antioquia","5.964079131","-75.10268697","0","0","0","0","0","0","0","0","0","0","0","0","0","0","0","0","0","0","0","0","1","1","1","1","1","1","1","1","1","1","1","1","1","1","1","1","1","1","1","1","1","1","1","1","1","1","1","1","1","1","1","1","1","1","1","1","1","1","1","1","1","1","1","1"
"5665","San Pedro de Urabá","5","Antioquia","8.276886664","-76.38057789","0","0","0","0","0","0","0","0","0","0","0","0","0","0","0","0","0","0","0","0","0","0","0","0","0","0","0","0","0","0","0","0","0","0","0","1","1","1","1","1","1","1","1","1","1","1","1","1","1","1","1","1","1","1","1","1","1","1","1","1","1","1","1","1"
"5686","Santa Rosa de Osos","5","Antioquia","6.643326001","-75.46074502","0","0","0","0","0","0","0","0","0","0","0","0","0","0","0","0","0","0","0","1","1","1","1","2","2","2","2","2","2","2","2","2","2","2","2","2","2","2","2","2","2","2","2","2","2","2","2","2","2","2","2","2","2","2","2","2","2","2","2","2","2","2","2","2"
"5697","El Santuario","5","Antioquia","6.137046858","-75.26584979","0","0","0","0","0","0","0","0","0","0","0","0","0","0","0","0","0","0","0","0","0","0","0","0","0","0","0","0","0","0","0","0","0","1","1","1","1","1","1","1","1","1","1","1","1","1","1","1","1","1","1","1","1","1","1","1","1","1","1","1","1","1","1","1"
"5756","Sonsón","5","Antioquia","5.714811641","-75.30939515","0","0","0","0","0","0","0","0","0","0","0","0","0","0","0","0","0","0","0","0","0","0","0","0","0","0","0","0","0","0","0","0","0","0","0","0","0","0","0","1","1","2","2","2","2","2","2","2","2","2","2","2","2","2","2","2","2","2","2","2","2","2","2","2"
"8001","Barranquilla","8","Atlántico","10.97592682","-74.79525905","0","0","0","0","0","0","0","2","2","2","5","5","7","7","7","9","12","12","13","16","20","21","29","31","31","40","40","42","43","46","49","55","60","64","66","67","69","69","70","72","75","77","78","82","85","87","92","99","111","130","139","141","160","167","200","248","260","311","320","343","407","418","455","481"
"8078","Baranoa","8","Atlántico","10.79488048","-74.91609981","0","0","0","0","0","0","0","0","0","0","0","0","0","0","0","0","0","0","0","0","0","0","0","0","0","0","0","0","0","0","0","0","0","0","2","2","2","2","2","2","2","2","2","2","2","2","2","2","2","2","2","2","2","3","3","3","3","3","3","3","11","11","11","12"
"8141","Candelaria","8","Atlántico","10.46121723","-74.8799126","0","0","0","0","0","0","0","0","0","0","0","0","0","0","0","0","0","0","0","0","0","0","0","0","0","0","0","0","0","0","0","0","0","0","0","0","0","0","0","0","0","0","0","0","0","0","0","0","0","0","0","0","0","0","0","0","0","0","0","1","1","1","1","1"
"8296","Galapa","8","Atlántico","10.919641","-74.8669381","0","0","0","0","0","0","0","0","0","0","0","0","0","0","0","0","0","0","0","0","0","0","0","0","0","0","0","0","0","0","1","1","1","1","1","1","1","1","1","1","1","1","1","1","1","1","1","1","1","1","1","1","1","1","2","2","3","3","8","8","10","10","10","10"
"8433","Malambo","8","Atlántico","10.85628724","-74.77424057","0","0","0","0","0","0","0","0","0","0","0","0","0","0","0","0","0","0","0","0","0","0","0","0","0","0","0","0","0","0","0","0","0","0","0","1","1","1","1","1","2","2","2","2","2","2","4","4","4","7","10","10","13","25","28","37","38","53","56","65","65","71","74","74"
"8436","Manatí","8","Atlántico","10.44896238","-74.95703499","0","0","0","0","0","0","0","0","0","0","0","0","0","0","0","0","0","0","0","0","0","0","0","0","0","0","0","0","0","0","0","0","0","0","0","0","0","0","0","0","0","0","0","0","0","0","0","0","0","1","1","1","1","1","2","2","2","2","2","2","2","2","3","3"
"8520","Palmar de Varela","8","Atlántico","10.73858326","-74.75475789","0","0","0","0","0","0","0","0","0","0","0","0","0","0","0","0","0","0","0","0","0","0","0","0","0","0","0","0","0","0","0","0","0","0","0","0","0","0","0","0","0","0","0","0","0","0","0","0","0","0","0","0","0","0","1","1","1","5","7","9","11","11","12","12"
"8558","Polonuevo","8","Atlántico","10.77772451","-74.85425725","0","0","0","0","0","0","0","0","0","0","0","0","0","0","0","0","0","0","0","1","1","1","1","1","1","1","1","1","1","1","1","1","1","1","1","1","1","1","1","1","1","1","1","1","1","1","1","1","1","1","1","1","1","1","1","1","1","1","3","5","5","8","8","8"
"8560","Ponedera","8","Atlántico","10.64179593","-74.75390044","0","0","0","0","0","0","0","0","0","0","0","0","0","0","0","0","0","0","0","0","0","0","0","0","0","0","0","0","0","0","1","1","1","1","1","1","1","1","1","1","1","1","1","1","1","1","1","1","1","1","1","1","1","1","1","1","1","1","1","1","1","1","1","1"
"8573","Puerto Colombia","8","Atlántico","11.02294005","-74.85196357","0","0","0","0","0","0","0","0","0","0","0","0","0","0","0","0","0","0","1","1","1","1","1","1","1","1","1","1","1","1","1","1","2","2","3","4","4","4","4","4","4","4","4","4","4","4","4","4","4","4","4","4","5","5","5","5","5","6","6","7","8","8","10","10"
"8634","Sabanagrande","8","Atlántico","10.79107595","-74.75850721","0","0","0","0","0","0","0","0","0","0","0","0","0","0","0","0","0","0","0","0","0","0","0","0","0","0","0","0","0","0","0","0","0","0","0","0","0","0","0","0","0","0","0","0","0","1","1","2","2","4","4","12","15","19","23","27","27","44","47","47","52","54","54","54"
"8638","Sabanalarga","8","Atlántico","10.63283523","-74.92109368","0","0","0","0","0","0","0","0","0","0","0","0","0","0","0","0","0","0","0","0","0","0","0","0","0","0","0","0","0","0","0","0","0","0","0","0","0","0","0","0","0","0","0","0","0","0","0","0","0","0","0","0","1","1","2","2","2","2","3","4","4","4","10","10"
"8675","Santa Lucía","8","Atlántico","10.32327321","-74.95897145","0","0","0","0","0","0","0","0","0","0","0","0","0","0","0","0","0","0","0","0","0","0","0","0","0","0","0","0","0","0","0","0","0","0","0","0","0","0","0","0","0","0","0","0","0","0","0","0","0","0","0","0","0","0","0","0","0","0","0","0","1","1","1","1"
"8685","Santo Tomás","8","Atlántico","10.75605629","-74.75411186","0","0","0","0","0","0","0","0","0","0","0","0","0","0","0","0","0","0","0","0","0","0","0","0","0","0","0","0","0","0","1","1","1","1","1","1","1","1","1","1","1","1","1","1","1","1","1","1","1","1","1","1","1","1","2","4","4","8","8","8","11","11","11","11"
"8758","Soledad","8","Atlántico","10.91017447","-74.78483338","0","0","0","0","0","0","0","0","0","0","0","0","0","0","0","0","1","1","2","2","2","2","2","2","2","5","5","7","7","12","13","13","13","14","14","14","14","15","16","17","19","19","21","21","21","25","27","41","49","66","72","79","108","138","144","158","183","201","214","256","278","296","309","334"
"11001","Bogotá D.C.","11","Bogotá D.C.","4.65017303","-74.107359","1","1","3","5","6","16","26","32","39","44","52","79","84","88","117","158","172","179","217","255","288","343","383","464","532","576","680","710","761","845","975","1011","1099","1142","1161","1185","1221","1269","1312","1371","1457","1576","1655","1729","1813","1860","2040","2129","2220","2327","2391","2524","2613","2760","2831","2944","3071","3264","3463","3593","3818","4028","4155","4305"
"13001","Cartagena de Indias","19","Bolívar","10.38498552","-75.49643103","0","0","1","1","1","1","3","5","6","9","10","11","15","15","16","21","26","26","26","27","34","37","39","39","39","42","42","42","53","56","65","79","100","108","114","124","134","148","156","161","171","172","181","184","184","188","199","205","219","222","235","245","270","284","309","326","344","375","399","404","496","541","633","689"
"13052","Arjona","19","Bolívar","10.25663152","-75.34448845","0","0","0","0","0","0","0","0","0","0","0","0","0","0","0","0","0","0","0","0","2","2","2","2","2","2","2","2","2","2","2","2","2","2","2","2","2","2","2","2","2","2","3","3","3","3","4","4","4","4","4","4","4","4","4","5","5","5","6","6","10","10","10","11"
"13074","Barranco de Loba","19","Bolívar","8.947730158","-74.10522428","0","0","0","0","0","0","0","0","0","0","0","0","0","0","0","0","0","0","0","0","0","0","0","0","0","0","0","0","0","0","0","0","0","0","0","0","0","0","0","1","1","1","1","1","1","1","1","1","1","1","1","1","1","1","1","1","1","1","1","1","1","1","1","1"
"13140","Calamar","19","Bolívar","10.25196336","-74.91362928","0","0","0","0","0","0","0","0","0","0","0","0","0","0","0","0","0","0","0","0","0","0","0","0","0","0","0","0","0","0","0","0","0","0","0","0","0","0","0","0","0","0","0","1","1","1","1","1","1","1","1","1","1","1","1","1","1","1","1","1","1","1","1","1"
"13430","Magangué","19","Bolívar","9.268563794","-74.77017457","0","0","0","0","0","0","0","0","0","0","0","0","0","0","0","0","0","0","0","0","0","0","0","0","0","0","0","0","0","0","0","0","0","0","0","0","0","0","0","0","0","0","0","0","0","0","0","0","0","0","0","0","0","0","0","0","0","0","0","0","1","1","2","2"
"13442","María la Baja","19","Bolívar","9.982645517","-75.30075935","0","0","0","0","0","0","0","0","0","0","0","0","0","0","0","0","0","0","0","0","0","0","0","0","0","0","0","0","0","0","0","0","0","0","0","0","0","0","0","0","0","0","0","0","0","0","0","0","0","0","0","0","0","0","0","0","0","1","1","1","1","1","1","1"
"13620","San Cristóbal","19","Bolívar","10.39285577","-75.06553417","0","0","0","0","0","0","0","0","0","0","0","0","0","0","0","0","0","0","0","0","0","0","0","0","0","0","0","0","0","0","0","0","0","0","0","0","1","1","1","1","1","1","1","1","1","1","1","1","1","1","1","1","1","1","1","1","1","1","1","1","1","1","1","1"
"13683","Santa Rosa","19","Bolívar","10.44439608","-75.36983166","0","0","0","0","0","0","0","0","0","0","0","0","0","0","0","0","0","0","0","0","0","0","0","0","0","0","0","0","0","0","0","0","0","0","0","0","0","0","0","0","0","0","0","0","0","1","2","2","2","2","2","2","2","2","3","3","3","4","4","4","4","4","6","8"
"13836","Turbaco","19","Bolívar","10.33276916","-75.42440917","0","0","0","0","0","0","0","0","0","0","0","0","0","0","0","0","0","0","0","1","1","1","1","1","1","1","1","1","1","1","4","7","7","7","7","8","8","8","8","8","8","8","9","9","9","9","12","12","12","13","13","14","15","15","15","16","17","17","17","17","21","21","22","23"
"13838","Turbaná","19","Bolívar","10.27440205","-75.44250247","0","0","0","0","0","0","0","0","0","0","0","0","0","0","0","0","0","0","0","0","0","0","0","0","0","0","0","0","0","0","0","0","0","0","0","0","0","0","0","0","0","0","0","0","0","0","0","0","0","0","0","0","0","0","0","0","1","1","1","1","1","1","2","3"
"13873","Villanueva","19","Bolívar","10.44449833","-75.27475439","0","0","0","0","0","0","0","0","0","0","0","0","0","0","0","0","0","0","0","0","0","0","0","0","0","0","0","0","0","0","0","0","0","0","0","0","0","0","0","0","0","0","0","0","0","0","0","0","0","0","0","0","0","0","0","0","0","0","0","0","0","0","0","2"
"15001","Tunja","15","Boyacá","5.539953238","-73.35548873","0","0","0","0","0","0","0","0","0","0","0","0","0","0","0","0","0","1","1","1","1","1","2","2","2","2","2","2","2","2","4","4","6","7","7","7","7","7","7","7","7","7","7","7","7","7","7","7","7","7","7","7","7","7","7","7","7","7","7","7","7","7","7","8"
"15047","Aquitania","15","Boyacá","5.518603543","-72.88398481","0","0","0","0","0","0","0","0","0","0","0","0","0","0","0","0","0","0","0","0","0","0","0","0","0","0","0","0","0","0","0","0","0","0","0","0","0","0","0","0","0","0","1","1","1","1","1","1","1","1","1","1","1","1","1","1","1","1","1","1","1","1","1","1"
"15131","Caldas","15","Boyacá","5.554575079","-73.865541","0","0","0","0","0","0","0","0","0","0","0","0","0","0","0","0","0","0","0","0","0","0","0","0","0","0","0","0","0","0","0","0","0","0","0","0","0","0","0","0","0","0","0","0","0","0","0","0","0","0","0","0","1","1","1","1","1","1","1","1","1","1","1","1"
"15176","Chiquinquirá","15","Boyacá","5.61412789","-73.81838763","0","0","0","0","0","0","0","0","0","0","0","0","0","0","0","0","0","0","0","0","0","0","0","0","0","0","0","0","0","0","0","0","0","0","0","0","0","0","0","0","0","0","0","0","0","0","0","0","0","0","0","0","1","1","1","1","5","5","5","5","5","5","5","7"
"15223","Cubará","15","Boyacá","7.000092875","-72.11068776","0","0","0","0","0","0","0","0","0","0","0","0","0","0","0","0","0","0","0","0","0","0","0","0","0","0","0","0","0","0","0","0","0","0","0","0","0","0","0","0","0","0","0","0","0","0","0","0","0","0","0","0","0","2","2","2","2","2","2","2","2","2","2","2"
"15238","Duitama","15","Boyacá","5.82298568","-73.03060967","0","0","0","0","0","0","0","0","0","0","0","0","0","0","0","0","0","0","0","0","0","0","0","0","0","0","0","0","0","0","0","0","0","0","0","0","0","0","0","0","0","0","0","0","0","0","0","0","0","0","0","0","0","2","3","3","4","6","6","6","6","6","7","9"
"15299","Garagoa","15","Boyacá","5.083243463","-73.36442756","0","0","0","0","0","0","0","0","0","0","0","0","0","0","0","0","0","0","0","0","0","0","0","0","0","0","0","0","0","0","0","1","1","1","1","1","1","1","1","1","1","1","1","1","1","1","1","1","1","1","1","1","1","2","2","2","2","2","2","2","2","2","2","2"
"15407","Villa de Leyva","15","Boyacá","5.632661849","-73.5246846","0","0","0","0","0","0","0","0","0","0","0","0","0","0","0","0","0","0","0","0","0","0","0","0","0","0","0","0","0","0","0","0","0","0","0","0","0","0","0","0","0","0","0","0","0","0","0","0","0","0","0","0","0","1","1","1","4","4","4","4","4","4","4","5"
"15469","Moniquirá","15","Boyacá","5.876334811","-73.57337039","0","0","0","0","0","0","0","0","0","0","0","0","0","0","0","0","0","0","0","0","0","0","0","0","0","0","0","0","0","0","0","0","0","0","0","0","0","0","0","0","0","0","0","0","0","0","0","0","0","0","0","0","0","0","0","0","0","0","0","0","0","0","1","2"
"15480","Muzo","15","Boyacá","5.532462867","-74.10275078","0","0","0","0","0","0","0","0","0","0","0","0","0","0","0","0","0","0","0","0","0","0","0","0","0","0","0","0","0","0","0","0","0","0","0","0","0","0","0","0","0","0","0","0","0","0","0","0","0","0","0","0","0","0","0","0","0","0","0","0","0","0","0","1"
"15500","Oicatá","15","Boyacá","5.595234239","-73.30840398","0","0","0","0","0","0","0","0","0","0","0","0","0","0","0","0","0","0","0","0","1","1","1","1","1","1","1","1","1","1","1","1","1","1","1","1","1","1","1","1","1","1","1","1","1","1","1","1","1","1","1","1","1","1","1","1","1","1","1","1","1","1","1","1"
"15516","Paipa","15","Boyacá","5.77994187","-73.11791688","0","0","0","0","0","0","0","0","0","0","0","0","0","0","0","0","0","0","0","0","0","0","0","0","0","0","0","0","0","0","0","0","0","0","0","0","0","0","0","0","0","0","0","0","0","0","0","0","0","0","0","0","0","0","0","0","0","0","0","1","1","1","2","2"
"15646","Samacá","15","Boyacá","5.492314591","-73.48564359","0","0","0","0","0","0","0","0","0","0","0","0","0","0","0","0","0","0","0","0","0","0","0","0","0","0","0","0","0","0","0","0","0","0","0","0","0","0","0","0","0","0","0","0","0","0","0","0","0","0","0","0","0","1","1","1","1","1","1","1","1","1","1","1"
"15686","Santana","15","Boyacá","6.057413107","-73.48122632","0","0","0","0","0","0","0","0","0","0","0","0","0","0","0","0","1","1","1","1","1","2","2","2","2","2","2","2","2","2","4","4","4","4","4","4","4","4","4","4","4","4","4","4","4","4","4","4","4","4","4","4","4","4","4","4","4","4","4","4","4","4","4","4"
"15693","Santa Rosa de Viterbo","15","Boyacá","5.874555597","-72.98246092","0","0","0","0","0","0","0","0","0","0","0","0","0","0","0","0","0","0","0","0","0","0","0","0","0","0","0","0","0","0","0","0","0","0","0","0","0","0","0","0","0","0","0","0","0","0","0","0","0","0","0","0","0","0","0","0","0","0","0","0","0","0","0","1"
"15696","Santa Sofía","15","Boyacá","5.713269421","-73.60270717","0","0","0","0","0","0","0","0","0","0","0","0","0","0","0","0","0","0","0","0","0","0","0","0","0","0","0","0","0","0","0","1","1","1","1","1","1","1","1","1","1","1","1","1","1","1","1","1","1","1","1","1","1","1","1","1","1","1","1","1","1","1","1","1"
"15757","Socha","15","Boyacá","5.996713021","-72.69196586","0","0","0","0","0","0","0","0","0","0","0","0","0","0","0","0","0","0","0","0","0","0","0","0","0","0","0","0","0","0","0","0","1","3","3","3","3","3","3","3","3","3","3","3","3","3","3","3","3","3","3","3","3","3","3","3","3","3","3","3","3","3","3","3"
"15759","Sogamoso","15","Boyacá","5.72568939","-72.92304769","0","0","0","0","0","0","0","0","0","0","0","0","0","0","0","0","0","0","0","0","0","0","0","0","0","0","0","0","0","0","0","0","0","1","1","1","1","1","1","1","1","1","1","1","1","1","1","1","1","1","3","3","3","3","3","3","5","5","5","5","5","5","7","7"
"15798","Tenza","15","Boyacá","5.077074351","-73.42058911","0","0","0","0","0","0","0","0","0","0","0","0","0","0","0","0","0","0","0","0","0","0","0","0","0","0","0","0","0","0","2","2","2","2","2","2","2","2","2","2","2","2","2","2","2","2","2","2","2","2","2","2","2","2","2","2","2","2","2","2","2","2","2","2"
"15816","Togüí","15","Boyacá","5.937438225","-73.51365506","0","0","0","0","0","0","0","0","0","0","0","0","0","0","0","0","0","0","0","0","0","0","1","1","1","1","8","8","8","8","8","11","11","11","11","11","11","11","12","12","12","12","12","12","12","12","12","12","14","14","14","14","14","14","14","14","14","14","14","14","14","14","14","14"
"15835","Turmequé","15","Boyacá","5.323252768","-73.49184702","0","0","0","0","0","0","0","0","0","0","0","0","0","0","0","0","0","0","0","0","0","0","0","0","0","0","0","0","0","0","0","0","0","0","0","0","0","0","0","0","0","0","0","0","0","0","0","0","0","0","0","0","0","0","0","0","1","1","1","1","1","1","2","3"
"17001","Manizales","5","Caldas","5.057688197","-75.49104898","0","0","0","0","1","1","1","1","1","1","1","1","2","2","2","3","4","4","5","5","5","5","5","5","5","5","5","5","5","5","7","7","7","8","9","9","9","10","10","12","12","12","12","12","12","12","12","12","12","12","15","15","15","15","21","21","21","23","23","23","23","24","24","24"
"17042","Anserma","5","Caldas","5.236474391","-75.78434266","0","0","0","0","0","0","0","0","0","0","0","0","0","0","0","0","0","0","0","0","0","0","0","0","1","1","1","1","1","1","1","1","1","1","1","1","1","1","1","1","1","1","1","1","1","1","1","1","1","1","1","1","1","1","1","1","1","1","1","1","1","1","1","1"
"17174","Chinchiná","5","Caldas","4.985812862","-75.60748073","0","0","0","0","0","0","0","0","0","0","0","0","0","2","2","2","2","2","2","3","3","3","3","3","3","3","3","3","3","3","3","3","3","3","3","3","3","3","3","4","4","4","4","4","4","4","4","4","4","4","4","4","4","4","4","4","4","4","4","4","4","4","4","4"
"17380","La Dorada","5","Caldas","5.444406098","-74.65820562","0","0","0","0","0","0","0","0","0","0","0","0","0","1","1","1","2","2","2","2","2","3","3","3","3","3","3","3","3","3","4","9","10","16","16","18","18","23","25","25","25","25","27","27","27","27","30","30","31","31","31","33","42","42","42","42","42","47","50","50","50","53","53","53"
"17442","Marmato","5","Caldas","5.47400482","-75.60024162","0","0","0","0","0","0","0","0","0","0","0","0","0","0","0","0","0","0","0","0","0","0","0","0","0","0","0","0","0","0","0","0","0","0","0","0","0","0","0","0","0","0","0","0","0","0","0","0","0","0","0","0","0","0","1","1","1","1","1","1","1","1","1","1"
"17444","Marquetalia","5","Caldas","5.297524561","-75.05309703","0","0","0","0","0","0","0","0","0","0","0","0","0","0","0","0","0","0","0","0","0","0","0","0","0","0","0","0","0","0","0","0","0","0","0","0","0","0","0","0","0","0","0","0","0","0","0","0","0","0","0","0","0","0","1","1","1","4","4","4","4","5","5","5"
"17495","Norcasia","5","Caldas","5.574795393","-74.88954408","0","0","0","0","0","0","0","0","0","0","0","0","0","0","0","0","0","0","0","0","0","0","0","0","0","0","0","0","0","0","0","0","0","0","0","0","0","0","0","0","0","0","0","0","0","0","0","0","0","0","0","0","0","0","0","0","0","1","1","1","1","1","1","1"
"17614","Riosucio","5","Caldas","5.423680913","-75.70206971","0","0","0","0","0","0","0","0","0","0","0","0","0","0","0","0","0","0","0","0","0","0","0","0","0","0","0","0","0","0","0","0","0","0","0","0","0","0","0","0","0","0","0","0","0","0","0","0","0","0","0","0","0","0","0","0","0","0","0","0","0","1","1","1"
"17616","Risaralda","5","Caldas","5.164508957","-75.76721954","0","0","0","0","0","0","0","0","0","0","0","0","0","0","0","0","0","0","0","0","0","0","0","0","0","0","0","0","0","0","0","0","0","0","0","0","0","0","0","0","0","0","0","0","0","0","0","0","0","0","0","0","1","1","1","1","1","1","1","1","1","1","1","1"
"17662","Samaná","5","Caldas","5.413086301","-74.99225776","0","0","0","0","0","0","0","0","0","0","0","0","0","0","0","0","0","0","0","0","0","0","0","0","0","0","0","0","0","0","0","0","0","0","0","0","0","0","0","0","0","0","0","0","0","0","0","0","0","0","0","1","1","1","1","1","1","1","1","1","1","1","1","1"
"17873","Villamaría","5","Caldas","5.043806686","-75.5137606","0","0","0","0","0","0","0","0","0","0","0","0","0","0","1","1","1","1","1","1","2","2","2","2","2","2","2","2","2","2","2","2","2","3","3","3","3","3","3","3","3","3","3","3","3","3","3","3","3","3","3","3","3","3","5","5","5","6","6","6","6","6","6","6"
"17877","Viterbo","5","Caldas","5.062664236","-75.87060986","0","0","0","0","0","0","0","0","0","0","1","1","1","1","1","2","2","2","2","2","2","2","2","2","2","2","2","2","2","2","2","2","2","2","2","2","2","2","2","2","2","2","2","2","2","2","2","2","2","2","2","2","2","2","2","2","2","2","2","2","2","2","2","2"
"18001","Florencia","18","Caquetá","1.61792293","-75.60856043","0","0","0","0","0","0","0","0","0","0","0","0","0","0","0","0","0","0","0","0","0","0","0","0","0","0","0","0","0","0","0","0","0","0","0","0","0","0","0","0","1","2","2","2","2","2","2","2","2","2","7","8","8","9","9","9","9","15","15","15","15","15","16","16"
"19001","Popayán","47","Cauca","2.482503391","-76.57406468","0","0","0","0","0","0","0","0","0","0","2","2","2","2","2","3","9","9","9","9","9","9","9","11","11","11","11","11","12","12","12","12","14","14","14","14","14","14","14","14","14","14","14","14","14","14","14","14","14","17","19","19","19","19","19","19","19","21","21","21","22","22","23","24"
"19142","Caloto","47","Cauca","3.034070778","-76.40848704","0","0","0","0","0","0","0","0","0","0","0","0","0","0","0","0","0","0","0","0","0","0","0","0","0","0","0","0","0","0","0","0","0","0","0","0","0","0","0","0","0","0","0","0","0","0","0","0","0","0","0","1","1","1","1","1","1","1","1","1","1","1","1","1"
"19256","El Tambo","47","Cauca","2.45137136","-76.81077225","0","0","0","0","0","0","0","0","0","0","0","0","0","0","0","0","0","0","0","0","0","0","0","0","0","0","0","0","0","0","0","0","0","0","0","0","0","0","0","0","0","0","0","0","0","0","0","0","1","1","1","1","1","1","1","1","2","2","2","2","2","2","4","4"
"19300","Guachené","47","Cauca","3.134153295","-76.39218874","0","0","0","0","0","0","0","0","0","0","0","0","0","0","0","0","0","0","0","0","0","0","0","0","0","0","0","0","0","1","1","1","1","1","1","1","1","1","1","1","1","1","1","1","1","1","1","1","1","1","1","1","1","1","1","1","1","1","1","1","1","1","1","1"
"19455","Miranda","47","Cauca","3.253095405","-76.22886987","0","0","0","0","0","0","0","0","0","0","0","0","0","0","0","0","0","0","0","0","0","0","0","0","0","0","0","0","0","0","1","2","2","3","3","3","4","4","5","5","5","5","5","5","5","6","6","6","6","6","6","6","6","6","6","6","6","6","6","6","6","6","6","6"
"19548","Piendamó","47","Cauca","2.641987578","-76.52850592","0","0","0","0","0","0","0","0","0","0","0","0","0","0","0","0","0","0","0","0","0","0","0","0","0","0","0","0","0","0","0","0","0","0","0","0","0","0","0","0","0","0","0","0","0","0","0","0","0","0","0","0","0","0","0","0","0","1","1","1","1","1","3","6"
"19573","Puerto Tejada","47","Cauca","3.233294127","-76.4173078","0","0","0","0","0","0","0","0","0","0","0","0","0","0","0","0","0","0","0","0","0","0","0","0","0","0","0","0","0","0","0","0","0","0","0","0","0","0","0","1","1","1","1","1","1","1","1","1","1","2","3","3","3","3","3","3","3","3","3","3","3","3","3","3"
"19698","Santander de Quilichao","47","Cauca","3.016053901","-76.48537029","0","0","0","0","0","0","0","0","0","0","0","0","0","0","0","0","0","0","0","0","0","0","0","1","1","1","1","1","1","1","1","1","1","1","1","1","1","1","1","1","1","1","1","1","1","1","1","1","1","1","1","1","1","1","1","1","1","2","2","2","3","3","3","3"
"19807","Timbío","47","Cauca","2.349976425","-76.68423879","0","0","0","0","0","0","0","0","0","0","0","0","0","0","0","0","0","0","0","0","0","0","0","0","0","0","0","0","0","0","0","0","1","1","1","1","1","1","2","2","2","2","2","2","2","2","2","2","2","2","2","2","2","2","2","2","2","2","2","2","2","2","2","2"
"19845","Villa rica","47","Cauca","3.177577926","-76.45787266","0","0","0","0","0","0","0","0","0","0","0","0","0","0","0","0","0","0","0","0","0","0","0","0","0","0","0","0","0","0","0","0","0","0","0","0","0","0","0","0","0","0","0","0","0","0","0","1","1","1","1","1","1","1","1","1","1","1","1","1","1","1","1","1"
"20001","Valledupar","20","Cesar","10.46048122","-73.25938931","0","0","0","0","0","0","0","0","0","0","0","0","0","1","1","2","2","2","2","3","4","4","11","16","16","16","16","16","16","16","17","18","19","31","31","31","31","31","31","31","31","31","33","33","33","33","37","43","43","43","43","43","43","43","45","48","48","50","50","50","50","51","52","52"
"20011","Aguachica","20","Cesar","8.310336958","-73.59902859","0","0","0","0","0","0","0","0","0","0","0","0","0","0","0","0","0","0","0","0","0","0","0","0","0","0","0","0","0","0","0","0","0","0","0","0","0","0","0","0","0","0","0","0","0","0","0","1","1","1","2","2","2","2","2","2","2","2","2","2","2","2","2","2"
"20013","Agustín Codazzi","20","Cesar","10.04045799","-73.23839617","0","0","0","0","0","0","0","0","0","0","0","0","0","0","0","0","0","0","0","0","0","0","0","0","0","0","0","0","0","0","0","0","0","0","0","0","0","0","0","0","0","0","0","0","0","0","0","1","1","1","2","2","2","2","2","2","2","6","6","6","6","6","6","6"
"20060","Bosconia","20","Cesar","9.9750947","-73.88876766","0","0","0","0","0","0","0","0","0","0","0","0","0","0","0","0","0","0","0","0","0","0","0","0","0","0","0","0","0","0","0","0","0","0","0","0","0","0","0","0","0","0","0","0","0","0","1","1","1","1","1","1","1","1","1","1","1","2","2","2","2","2","2","2"
"20178","Chiriguaná","20","Cesar","9.361189611","-73.60014444","0","0","0","0","0","0","0","0","0","0","0","0","0","0","0","0","0","0","0","0","0","0","0","0","0","0","0","0","0","0","0","0","0","0","0","0","0","0","0","0","0","0","0","0","0","0","0","0","0","0","0","0","0","0","1","1","1","1","1","1","1","1","1","1"
"20400","La Jagua de Ibirico","20","Cesar","9.5638873","-73.33422791","0","0","0","0","0","0","0","0","0","0","0","0","0","0","0","0","0","0","0","0","0","0","0","0","0","0","0","0","0","0","0","0","0","0","0","0","0","0","0","0","0","0","0","0","0","0","0","0","0","0","0","0","0","0","1","1","1","1","1","1","1","1","1","1"
"20614","Río de Oro","20","Cesar","8.292287384","-73.3863952","0","0","0","0","0","0","0","0","0","0","0","0","0","0","0","0","0","0","0","0","0","0","0","0","0","0","0","0","0","0","0","0","0","0","0","0","0","0","0","0","0","0","0","0","0","0","0","2","2","2","2","2","2","2","2","2","2","2","2","2","2","2","2","2"
"20621","La Paz","20","Cesar","10.38748954","-73.17136291","0","0","0","0","0","0","0","0","0","0","0","0","0","0","0","0","0","0","0","0","0","0","0","0","0","0","0","0","0","0","0","0","0","0","0","0","0","0","0","0","0","0","0","0","0","0","0","1","1","1","1","1","1","1","1","1","1","1","1","1","1","1","1","1"
"20750","San Diego","20","Cesar","10.33303286","-73.18121808","0","0","0","0","0","0","0","0","0","0","0","0","0","0","0","0","0","0","0","0","0","0","0","0","0","0","0","0","0","0","0","0","1","1","1","1","1","1","1","1","1","1","1","1","1","1","2","2","2","2","2","2","2","2","2","2","2","3","3","3","3","3","3","3"
"20770","San Martín","20","Cesar","7.999895459","-73.51097518","0","0","0","0","0","0","0","0","0","0","0","0","0","0","0","0","0","0","0","0","0","0","0","0","0","0","0","0","0","0","0","0","0","0","0","0","0","0","1","1","1","1","1","1","1","1","2","2","2","2","2","2","2","2","2","2","2","2","2","2","2","2","2","2"
"23001","Montería","5","Córdoba","8.745132591","-75.87557791","0","0","0","0","0","0","0","0","0","0","0","0","0","0","0","0","0","0","0","0","1","1","1","1","1","1","2","2","2","2","5","5","5","9","9","9","11","11","13","13","14","15","15","15","15","15","16","17","17","17","17","17","17","17","17","17","17","17","18","18","18","18","23","23"
"23090","Canalete","5","Córdoba","8.786944523","-76.24139652","0","0","0","0","0","0","0","0","0","0","0","0","0","0","0","0","0","0","0","0","0","0","0","0","0","0","0","0","0","0","0","0","0","0","0","0","0","0","0","0","0","0","0","0","0","0","0","0","0","0","0","0","0","1","1","1","1","1","1","1","1","1","2","2"
"23162","Cereté","5","Córdoba","8.888611812","-75.79621652","0","0","0","0","0","0","0","0","0","0","0","0","0","0","0","0","0","0","0","0","0","0","0","0","0","0","0","0","0","0","0","0","0","1","1","1","1","1","1","1","1","2","2","2","2","2","2","2","2","2","2","2","2","2","2","2","2","2","2","2","2","2","2","2"
"23189","Ciénaga de Oro","5","Córdoba","8.875502246","-75.62078664","0","0","0","0","0","0","0","0","0","0","0","0","0","0","0","0","0","0","0","0","0","0","0","0","0","0","0","0","0","0","1","1","1","1","1","1","1","1","1","1","1","1","1","1","1","1","1","1","1","1","1","1","1","1","1","1","1","1","1","1","1","1","1","1"
"23417","Lorica","5","Córdoba","9.240855143","-75.8159954","0","0","0","0","0","0","0","0","0","0","0","0","0","0","0","0","0","0","0","0","0","0","0","0","0","0","0","0","0","0","0","0","0","0","0","0","0","0","0","0","0","0","0","0","1","1","1","1","1","1","4","4","4","6","6","6","6","6","6","6","6","6","7","7"
"23466","Montelíbano","5","Córdoba","7.973777244","-75.41681813","0","0","0","0","0","0","0","0","0","0","0","0","0","0","0","0","0","0","0","0","0","0","0","0","0","0","0","0","0","0","0","0","0","0","0","0","0","0","0","0","0","0","0","0","0","0","0","0","0","0","0","0","0","0","0","0","0","0","0","0","1","1","1","1"
"23660","Sahagún","5","Córdoba","8.943125416","-75.4459203","0","0","0","0","0","0","0","0","0","0","0","0","0","0","0","0","0","0","0","1","1","1","1","1","1","1","1","1","1","1","1","1","1","1","1","1","1","1","1","1","1","1","1","1","1","1","1","1","1","1","1","1","1","1","1","1","1","1","1","1","1","1","1","1"
"23807","Tierralta","5","Córdoba","8.170378684","-76.05969659","0","0","0","0","0","0","0","0","0","0","0","0","0","0","0","0","0","0","0","0","0","0","0","0","0","0","0","0","0","0","0","0","0","1","1","1","1","1","1","1","1","1","1","1","1","1","1","1","1","1","1","1","1","1","1","1","1","1","1","1","1","1","2","2"
"25001","Agua de dios","47","Cundinamarca","4.375312017","-74.66921778","0","0","0","0","0","0","0","0","0","0","0","0","0","0","0","0","0","0","0","0","0","0","0","0","0","0","0","0","0","0","0","0","0","0","0","0","0","0","0","0","0","0","1","1","1","1","1","1","1","1","1","1","1","1","1","1","1","1","1","1","1","1","1","1"
"25035","Anapoima","47","Cundinamarca","4.562956175","-74.52851753","0","0","0","0","0","0","0","0","0","0","0","1","1","1","1","2","2","2","2","2","2","2","2","2","2","2","2","2","2","2","2","2","2","2","2","2","2","2","2","2","2","2","2","2","2","2","2","2","2","2","2","2","2","2","2","2","2","2","2","2","2","2","2","2"
"25126","Cajicá","47","Cundinamarca","4.920809059","-74.02345397","0","0","0","0","0","0","0","0","2","2","2","2","2","2","3","3","3","3","3","3","3","4","6","6","6","6","7","7","7","7","8","8","9","10","11","11","11","12","12","13","13","13","13","14","14","14","15","15","17","17","17","17","17","17","17","17","17","17","17","17","17","17","17","17"
"25175","Chía","47","Cundinamarca","4.866065424","-74.05034682","0","0","0","0","0","0","0","0","0","0","0","1","2","2","3","3","3","3","3","3","3","4","5","5","5","5","8","8","9","9","11","12","13","18","21","22","23","23","23","23","23","24","24","25","25","25","25","25","27","27","28","29","29","29","29","29","29","29","29","29","29","29","29","30"
"25178","Chipaque","47","Cundinamarca","4.442671017","-74.04487563","0","0","0","0","0","0","0","0","0","0","0","0","0","0","0","0","0","0","0","0","0","0","0","0","0","0","0","0","0","0","0","0","0","0","0","0","0","0","0","0","0","0","0","0","0","0","0","0","0","0","0","0","0","0","0","1","1","1","1","1","1","1","1","1"
"25181","Choachí","47","Cundinamarca","4.527047921","-73.92289448","0","0","0","0","0","0","0","0","0","0","0","0","0","0","0","0","0","0","0","0","0","0","0","0","0","1","1","1","1","1","1","1","1","1","1","1","1","1","1","1","1","1","1","1","1","1","1","1","1","1","1","1","1","1","1","1","1","1","1","1","1","1","1","1"
"25200","Cogua","47","Cundinamarca","5.061841798","-73.97849669","0","0","0","0","0","0","0","0","0","0","0","0","0","0","0","0","0","0","0","0","0","0","0","0","0","0","0","0","0","0","0","0","0","1","1","1","1","1","1","1","1","1","1","1","1","1","1","1","2","2","2","2","2","2","2","2","2","2","2","2","2","2","2","2"
"25214","Cota","47","Cundinamarca","4.812987769","-74.10272646","0","0","0","0","0","0","0","0","0","0","0","0","0","0","1","1","2","2","2","2","2","2","7","8","8","8","8","9","9","9","9","9","9","9","9","9","9","9","9","9","9","9","9","9","9","9","9","9","9","9","9","10","10","10","10","10","10","10","10","10","10","10","10","10"
"25269","Facatativá","47","Cundinamarca","4.813064178","-74.35022793","0","0","0","0","0","0","0","0","0","0","0","0","0","0","0","0","0","0","0","0","0","0","0","0","0","0","0","0","0","0","0","1","2","3","3","3","3","3","3","3","3","3","3","4","4","4","6","6","6","6","6","6","7","7","7","7","7","8","8","8","8","8","8","8"
"25279","Fómeque","47","Cundinamarca","4.485474345","-73.89252259","0","0","0","0","0","0","0","0","0","0","0","0","0","0","0","0","0","0","0","0","0","0","0","0","0","0","0","0","0","0","0","0","0","0","0","0","0","0","0","0","0","0","0","0","0","0","0","0","0","0","0","0","0","0","0","0","0","0","0","1","1","1","2","2"
"25286","Funza","47","Cundinamarca","4.712763015","-74.211525","0","0","0","0","0","0","0","0","0","0","0","0","0","0","0","1","1","1","1","1","1","1","1","2","2","2","2","2","2","2","2","4","5","5","5","6","7","7","7","7","7","7","7","8","8","8","8","11","11","12","12","12","12","13","14","14","15","15","15","16","16","16","16","16"
"25290","Fusagasugá","47","Cundinamarca","4.338480851","-74.36633393","0","0","0","0","0","0","0","0","0","0","0","0","0","0","0","1","1","1","1","1","1","1","1","1","1","1","1","1","1","1","1","1","1","1","1","1","1","1","1","1","1","1","1","1","1","1","1","1","1","1","1","1","1","1","1","5","5","5","5","5","5","5","6","6"
"25295","Gachancipá","47","Cundinamarca","4.990918172","-73.87346922","0","0","0","0","0","0","0","0","0","0","0","0","0","0","0","0","0","0","0","0","0","0","0","0","0","0","0","0","0","0","0","0","0","0","0","0","0","0","0","0","0","0","0","0","0","0","0","0","0","0","0","0","0","0","0","0","0","0","0","0","0","1","1","3"
"25320","Guaduas","47","Cundinamarca","5.071870533","-74.60295627","0","0","0","0","0","0","0","0","0","0","0","0","0","0","0","0","0","0","0","0","0","0","0","0","0","0","0","0","0","0","0","0","0","0","0","0","0","0","0","0","0","0","0","0","0","1","1","1","1","1","1","1","1","1","1","1","1","1","1","1","1","1","1","1"
"25377","La Calera","47","Cundinamarca","4.720344521","-73.96974496","0","0","0","0","0","0","0","0","0","0","0","0","0","0","0","1","1","1","1","1","1","1","1","1","1","1","1","1","1","1","1","1","1","1","1","1","1","1","1","1","1","1","1","1","1","1","1","1","1","1","1","1","1","1","1","1","1","1","1","1","1","1","1","1"
"25430","Madrid","47","Cundinamarca","4.736129766","-74.26562577","0","0","0","0","0","0","0","0","0","0","0","1","1","1","1","1","2","2","2","2","2","2","2","3","3","4","4","4","4","5","5","5","5","6","6","6","6","6","6","7","8","8","8","8","8","8","8","8","8","8","8","8","8","8","8","8","8","8","8","8","8","8","8","8"
"25473","Mosquera","47","Cundinamarca","4.711371201","-74.23177508","0","0","0","0","0","0","0","0","0","0","0","0","0","0","0","1","1","1","1","2","2","2","2","2","2","2","4","5","5","5","5","5","5","6","6","6","6","6","6","7","7","7","7","9","9","9","9","11","11","12","12","12","12","12","12","12","12","12","12","12","12","12","12","12"
"25513","Pacho","47","Cundinamarca","5.136942297","-74.15611662","0","0","0","0","0","0","0","0","0","0","0","0","0","0","1","1","1","1","1","1","1","1","1","1","1","1","1","1","1","1","1","1","1","3","3","3","4","4","4","11","11","11","11","11","11","11","11","11","11","11","11","11","11","11","11","11","11","11","11","11","11","11","11","11"
"25662","San Juan de Rioseco","47","Cundinamarca","4.847575999","-74.62191472","0","0","0","0","0","0","0","0","0","0","0","0","0","0","0","0","0","0","0","0","0","0","0","0","0","0","0","0","1","1","1","2","2","2","2","2","2","2","2","2","2","2","2","2","2","2","2","2","2","2","2","2","2","2","2","2","2","2","2","2","2","2","2","2"
"25736","Sesquilé","47","Cundinamarca","5.044729613","-73.79612783","0","0","0","0","0","0","0","0","0","0","0","0","0","0","0","0","0","0","0","0","0","0","0","0","0","0","0","0","0","0","0","0","0","0","0","0","0","0","0","0","0","0","0","0","0","0","0","0","0","0","0","0","0","0","0","0","0","0","0","0","0","0","0","2"
"25740","Sibaté","47","Cundinamarca","4.489763593","-74.25899225","0","0","0","0","0","0","0","0","0","0","0","0","0","0","0","0","0","0","0","0","0","0","0","0","0","0","0","0","0","0","0","0","0","0","0","0","0","0","0","0","0","0","0","0","0","2","2","2","3","3","3","4","4","4","4","5","5","5","5","7","7","7","7","7"
"25743","Silvania","47","Cundinamarca","4.381941157","-74.40552821","0","0","0","0","0","0","0","0","0","0","0","0","0","0","0","0","0","0","0","0","0","0","0","0","0","0","0","0","0","0","0","0","0","0","0","0","0","0","0","0","0","0","0","0","0","0","0","0","0","0","0","0","0","0","0","0","0","0","0","0","1","1","1","1"
"25754","Soacha","47","Cundinamarca","4.585491658","-74.21452753","0","0","0","0","0","0","0","1","1","1","2","4","5","5","6","6","7","7","7","7","7","8","8","10","12","13","14","15","16","18","19","21","25","30","31","31","32","36","37","40","43","47","52","56","58","61","63","64","66","68","69","70","74","76","76","80","82","84","85","87","90","91","93","94"
"25758","Sopó","47","Cundinamarca","4.906330809","-73.94577489","0","0","0","0","0","0","0","0","0","0","0","0","0","0","0","0","0","0","0","0","0","1","1","1","1","1","1","1","1","1","1","2","2","3","3","3","3","3","3","3","3","3","3","3","3","3","3","4","4","4","4","5","5","5","6","6","6","7","7","7","7","7","7","7"
"25769","Subachoque","47","Cundinamarca","4.929079289","-74.17270846","0","0","0","0","0","0","1","1","1","1","1","1","1","1","1","1","1","1","1","1","1","1","1","1","1","1","1","1","2","2","2","2","2","3","3","3","3","3","3","3","3","3","3","3","3","3","3","3","3","3","3","3","3","3","3","3","3","3","3","3","3","3","3","3"
"25772","Suesca","47","Cundinamarca","5.103516839","-73.79828978","0","0","0","0","0","0","0","0","0","0","0","0","0","0","0","0","0","0","0","0","0","0","0","0","0","0","0","0","0","0","0","0","0","1","1","1","1","4","4","4","4","4","4","4","4","4","4","4","4","4","4","4","4","4","4","4","4","4","4","4","4","4","4","4"
"25799","Tenjo","47","Cundinamarca","4.871960537","-74.14395621","0","0","0","0","0","0","0","0","0","0","0","0","0","0","0","0","0","0","0","0","0","0","0","0","0","0","0","1","1","1","1","1","4","4","4","4","4","4","4","4","6","6","6","6","6","6","6","6","6","6","6","6","6","6","6","6","6","6","6","6","6","6","6","6"
"25817","Tocancipá","47","Cundinamarca","4.964786354","-73.91209121","0","0","0","0","0","0","0","0","0","0","0","0","0","0","0","0","0","0","1","1","1","1","1","2","2","2","2","2","2","2","2","2","3","3","3","3","3","3","3","3","3","3","3","3","3","3","3","3","3","3","3","3","3","3","3","3","3","4","4","4","4","4","4","4"
"25843","Villa de San Diego de Ubaté","47","Cundinamarca","5.307540984","-73.81434634","0","0","0","0","0","0","0","0","0","0","0","0","0","0","0","0","0","0","0","0","0","0","0","0","0","0","0","0","0","0","0","0","1","1","1","2","2","2","2","2","2","2","2","2","2","2","2","2","2","2","2","2","2","2","2","2","2","2","2","2","2","2","2","2"
"25845","Une","47","Cundinamarca","4.402450393","-74.02518226","0","0","0","0","0","0","0","0","0","0","0","0","0","0","0","0","0","0","0","0","0","0","0","0","0","0","0","0","0","0","0","0","0","0","0","0","0","0","0","0","0","0","0","0","0","0","0","0","0","0","0","0","0","0","0","0","0","0","0","1","1","1","1","1"
"25873","Villapinzón","47","Cundinamarca","5.216438372","-73.59535467","0","0","0","0","0","0","0","0","0","0","0","0","0","0","0","0","0","0","0","1","1","2","2","2","2","2","2","2","2","2","3","4","5","5","6","6","6","6","6","6","6","6","6","6","6","6","6","6","6","6","6","6","6","6","6","6","6","6","6","6","6","6","6","6"
"25875","Villeta","47","Cundinamarca","5.012790639","-74.46970495","0","0","0","0","0","0","0","0","0","0","0","0","0","0","0","2","2","2","2","2","2","2","2","2","2","2","2","2","2","2","2","2","3","3","3","3","4","4","4","4","4","4","4","4","4","4","4","4","4","4","4","4","4","4","4","4","4","4","4","4","4","4","4","4"
"25899","Zipaquirá","47","Cundinamarca","5.025471685","-73.99447124","0","0","0","0","0","0","0","0","0","0","0","0","0","0","0","0","0","0","0","0","0","0","1","1","1","1","1","2","2","4","4","4","4","6","7","7","7","7","7","7","8","9","10","10","11","11","12","12","12","12","12","12","12","13","13","13","13","13","13","13","13","13","14","14"
"27001","Quibdo","27","Chocó","5.692195187","-76.62596936","0","0","0","0","0","0","0","0","0","0","0","0","0","0","0","0","0","0","0","0","0","0","0","0","0","0","0","0","0","0","0","0","0","1","1","1","1","1","1","6","8","8","8","9","9","10","10","10","11","11","12","13","13","13","15","15","23","24","27","27","27","27","28","28"
"41001","Neiva","41","Huila","2.935604415","-75.27772259","0","0","0","3","3","7","7","7","8","8","9","9","10","10","11","13","13","13","13","13","15","18","21","27","27","29","31","31","31","31","35","36","38","46","46","49","49","49","53","55","62","62","62","64","64","64","64","66","68","73","80","82","89","95","95","95","96","96","96","97","97","97","104","105"
"41006","Acevedo","41","Huila","1.805263228","-75.88853156","0","0","0","0","0","0","0","0","0","0","0","0","0","0","0","0","0","0","0","0","0","0","0","0","0","0","0","0","0","0","0","0","0","0","0","0","0","0","0","0","1","1","1","1","1","1","1","1","1","1","1","1","1","1","1","1","1","1","1","1","1","1","2","2"
"41013","Agrado","41","Huila","2.259729394","-75.77190358","0","0","0","0","0","0","0","0","0","0","0","0","0","0","0","0","0","0","0","0","0","0","0","0","0","0","0","0","0","0","0","0","0","1","1","1","1","1","1","1","1","1","1","1","1","1","1","1","1","1","1","1","1","1","1","1","1","1","1","1","1","1","1","1"
"41016","Aipe","41","Huila","3.223597562","-75.23903118","0","0","0","0","0","0","0","0","0","0","0","0","0","0","0","0","0","0","0","0","0","0","0","0","0","0","0","0","0","0","0","0","0","0","0","0","0","0","0","0","0","0","1","1","1","1","1","1","1","1","1","1","1","1","1","1","1","1","1","1","1","1","4","4"
"41020","Algeciras","41","Huila","2.522447597","-75.31537288","0","0","0","0","0","0","0","0","0","0","0","0","0","0","0","0","0","0","0","0","0","0","0","0","0","0","0","0","0","0","0","0","0","0","0","0","0","0","0","0","0","0","0","0","0","0","0","0","0","0","0","0","1","1","1","1","1","2","2","3","3","3","3","3"
"41298","Garzón","41","Huila","2.196994421","-75.62769374","0","0","0","0","0","0","0","0","0","0","0","0","0","0","0","0","0","0","0","0","0","0","0","0","0","0","0","0","0","0","0","0","0","0","0","0","0","0","0","0","1","1","1","1","1","1","1","1","1","1","1","1","1","1","1","1","1","1","1","1","1","1","1","1"
"41306","Gigante","41","Huila","2.388235625","-75.54121989","0","0","0","0","0","0","0","0","0","0","0","0","0","0","0","0","0","0","0","0","0","0","0","0","0","0","0","0","0","0","0","0","0","1","1","1","1","1","2","2","2","2","2","2","2","2","2","2","3","3","4","4","4","8","8","8","8","9","9","16","16","16","16","16"
"41359","Isnos","41","Huila","1.92946706","-76.21763745","0","0","0","0","0","0","0","0","0","0","0","0","0","0","0","0","0","0","0","0","0","0","0","0","0","0","0","0","0","0","0","0","0","0","0","0","0","0","0","0","1","1","1","1","1","1","1","1","1","1","1","1","1","1","1","1","1","1","1","1","1","1","2","2"
"41396","La Plata","41","Huila","2.389646694","-75.89145131","0","0","0","0","0","0","0","0","0","0","0","0","0","0","0","0","0","0","0","0","0","0","0","0","0","0","0","0","0","0","0","0","0","0","0","0","0","0","0","0","0","0","0","0","0","0","0","0","0","0","0","1","1","2","2","2","2","2","2","3","3","3","4","4"
"41503","Oporapa","41","Huila","2.025054002","-75.99517781","0","0","0","0","0","0","0","0","0","0","0","0","0","0","0","0","0","0","0","0","0","0","0","0","0","0","0","0","0","0","0","0","0","0","0","0","0","0","0","0","0","0","0","0","0","0","0","0","0","0","0","0","0","0","0","0","0","0","0","0","0","0","12","12"
"41518","Paicol","41","Huila","2.449548949","-75.77299232","0","0","0","0","0","0","0","0","0","0","0","0","0","0","0","0","0","0","0","0","0","0","0","0","0","0","0","0","0","0","0","0","0","0","0","0","0","0","0","0","1","1","1","1","1","1","1","1","1","1","2","2","2","2","2","2","2","2","2","2","2","2","2","2"
"41524","Palermo","41","Huila","2.888406236","-75.43371912","0","0","0","0","0","0","0","0","0","0","0","0","0","0","0","1","1","1","1","1","1","3","3","3","3","3","3","3","3","3","3","3","3","3","3","3","3","3","3","3","3","3","3","3","3","3","3","3","3","3","3","3","5","5","5","5","5","5","5","5","5","5","5","5"
"41551","Pitalito","41","Huila","1.852578355","-76.0487449","0","0","0","0","0","0","0","0","0","0","0","0","0","0","0","0","0","0","0","0","0","0","0","0","0","0","0","0","0","0","0","0","0","1","1","1","1","1","1","1","3","3","3","3","3","3","3","3","3","3","3","3","7","9","9","9","9","10","10","10","10","10","13","13"
"41668","San Agustín","41","Huila","1.881081298","-76.27035968","0","0","0","0","0","0","0","0","0","0","0","0","0","0","0","0","0","0","0","0","0","0","0","0","0","0","0","0","0","0","0","0","0","0","0","0","0","0","0","0","2","2","2","2","2","2","2","2","2","2","2","2","2","2","2","2","2","2","2","2","2","2","3","3"
"41807","Timaná","41","Huila","1.974224443","-75.932087","0","0","0","0","0","0","0","0","0","0","0","0","0","0","0","0","0","0","0","0","0","0","0","0","0","0","0","0","0","0","0","0","0","0","0","0","0","0","0","0","1","1","1","1","1","1","2","2","2","2","2","2","4","4","4","4","4","4","4","4","4","4","6","6"
"44001","Riohacha","44","La Guajira","11.52875138","-72.91148891","0","0","0","0","0","0","0","0","0","0","0","0","0","0","0","0","0","0","0","0","0","0","1","1","1","1","1","1","1","1","1","1","1","1","1","1","1","1","1","1","2","2","2","2","2","2","2","5","5","5","5","6","6","6","6","6","6","7","7","7","7","7","8","8"
"44035","Albania","44","La Guajira","11.15748865","-72.59852163","0","0","0","0","0","0","0","0","0","0","0","0","0","0","0","0","0","0","0","0","0","0","0","0","0","0","0","0","0","0","0","0","0","0","0","0","0","0","0","0","0","0","0","0","0","0","0","0","0","0","0","1","1","1","1","1","1","1","1","1","1","1","2","2"
"44098","Distracción","44","La Guajira","10.89847259","-72.88739268","0","0","0","0","0","0","0","0","0","0","0","0","0","0","0","0","0","0","0","0","0","0","0","0","0","0","0","0","0","0","0","0","0","0","0","0","0","0","0","0","0","0","0","0","0","0","0","0","0","0","0","0","0","0","0","1","1","1","1","1","1","1","1","1"
"44279","Fonseca","44","La Guajira","10.88430067","-72.84666224","0","0","0","0","0","0","0","0","0","0","0","0","0","0","0","0","0","0","0","0","0","0","0","0","0","0","0","0","0","0","0","0","0","0","0","0","0","0","0","0","0","0","0","0","0","0","0","0","0","0","0","0","0","0","0","0","0","0","0","0","0","0","2","2"
"44430","Maicao","44","La Guajira","11.37832678","-72.24190502","0","0","0","0","0","0","0","0","0","0","0","0","0","0","0","0","0","0","0","0","0","0","0","0","0","0","0","0","0","0","0","0","0","0","0","0","0","0","0","0","0","0","0","0","0","0","0","0","0","0","0","1","1","1","1","1","1","4","4","4","5","5","8","8"
"44650","San Juan del Cesar","44","La Guajira","10.76957868","-73.00059321","0","0","0","0","0","0","0","0","0","0","0","0","0","0","0","0","0","0","0","0","0","0","0","0","0","0","0","0","0","0","0","0","0","0","0","0","0","0","0","0","0","0","0","0","0","0","0","0","0","0","0","1","1","1","1","1","1","1","1","1","1","1","6","6"
"47001","Santa Marta","47","Magdalena","11.2294335","-74.19089412","0","0","0","0","0","0","0","0","0","0","0","2","2","2","3","3","4","4","7","7","7","7","9","11","11","11","11","11","11","11","25","29","38","51","54","59","59","63","70","71","71","71","74","89","97","116","121","124","132","135","137","139","154","165","171","172","175","187","187","188","190","190","193","194"
"47189","Ciénaga","47","Magdalena","11.00665688","-74.24128616","0","0","0","0","0","0","0","0","0","0","0","0","0","0","0","0","0","0","0","0","0","1","1","1","1","1","1","1","1","1","1","1","4","6","6","6","6","6","14","14","14","14","16","18","20","23","23","24","24","24","24","28","41","47","49","49","51","53","53","53","56","56","57","62"
"47245","El Banco","47","Magdalena","9.008733009","-73.97428121","0","0","0","0","0","0","0","0","0","0","0","0","0","0","0","0","0","0","0","0","0","0","0","0","0","0","0","0","0","0","0","0","0","0","0","0","0","0","0","1","1","1","1","1","1","1","1","1","1","1","1","1","1","2","2","2","2","2","2","2","3","3","3","5"
"47570","Puebloviejo","47","Magdalena","10.99482965","-74.28248423","0","0","0","0","0","0","0","0","0","0","0","0","0","0","0","0","0","0","0","0","0","0","0","0","0","0","0","0","0","0","0","0","0","0","0","0","0","0","0","0","0","0","0","0","0","0","0","1","1","1","2","2","2","2","4","8","8","8","8","8","8","8","12","17"
"47980","Zona Bananera","47","Magdalena","10.76302682","-74.14008184","0","0","0","0","0","0","0","0","0","0","0","0","0","0","0","0","0","0","0","0","0","0","0","0","0","0","0","0","0","0","0","0","0","0","1","1","1","1","2","2","2","2","2","2","2","2","2","2","2","2","2","2","4","4","4","5","6","6","6","6","6","6","6","6"
"50001","Villavicencio","50","Meta","4.1238615","-73.62709204","0","0","0","0","1","1","1","1","1","1","1","1","1","1","5","7","8","8","8","8","8","8","11","12","12","13","13","13","13","13","13","14","16","21","21","23","38","38","43","44","45","51","54","56","96","127","153","176","220","236","340","344","352","455","459","544","544","698","718","735","811","874","898","902"
"50006","Acacías","50","Meta","3.990120663","-73.76593665","0","0","0","0","0","0","0","0","0","0","0","0","0","0","0","0","0","0","0","0","0","0","0","0","0","0","0","1","1","1","1","1","1","1","1","1","1","1","1","1","1","1","1","1","1","5","5","6","6","6","7","9","10","10","10","11","11","11","13","13","13","13","13","13"
"50313","Granada","50","Meta","3.546694724","-73.70571533","0","0","0","0","0","0","0","0","0","0","0","0","0","0","0","0","0","0","0","0","0","0","0","0","0","0","0","0","0","0","0","0","0","0","0","0","0","0","0","0","0","0","0","1","1","1","1","1","3","3","3","4","4","4","4","4","4","4","4","4","4","4","5","5"
"50606","Restrepo","50","Meta","4.260731994","-73.56460418","0","0","0","0","0","0","0","0","0","0","0","0","0","0","0","0","0","0","0","0","0","0","0","0","0","0","0","0","0","0","0","0","0","0","0","0","0","0","0","1","1","1","2","2","2","3","3","3","3","3","3","3","3","3","3","3","3","3","4","4","4","4","4","4"
"50683","San Juan de Arama","50","Meta","3.373727874","-73.87583154","0","0","0","0","0","0","0","0","0","0","0","0","0","0","0","0","0","0","0","0","0","0","0","0","0","0","0","0","0","0","0","0","0","0","0","0","0","0","0","0","0","0","0","0","0","0","0","0","0","0","2","3","3","3","3","3","3","3","3","3","3","3","3","3"
"52001","Pasto","5","Nariño","1.212124365","-77.27857635","0","0","0","0","0","0","0","0","0","0","0","0","0","0","0","0","0","0","0","1","1","1","2","2","2","2","2","2","2","2","3","10","10","11","11","11","11","12","13","13","13","13","13","13","13","13","16","16","16","17","21","24","24","27","27","31","31","34","34","34","34","35","40","41"
"52036","Ancuyá","5","Nariño","1.263299977","-77.51451329","0","0","0","0","0","0","0","0","0","0","0","0","0","0","0","0","0","0","0","0","0","0","0","0","0","0","0","0","0","0","0","0","0","0","0","0","0","0","0","0","0","0","0","0","0","0","0","0","0","0","0","0","0","1","1","1","1","1","1","1","1","1","1","1"
"52083","Belén","5","Nariño","1.595676066","-77.01566573","0","0","0","0","0","0","0","0","0","0","0","0","0","0","0","0","0","0","0","0","0","0","0","0","0","0","0","0","0","0","0","0","0","0","0","0","0","0","0","0","0","0","0","0","0","0","0","0","0","0","1","1","1","1","1","1","1","1","1","1","1","1","1","1"
"52210","Contadero","5","Nariño","0.910457863","-77.54940902","0","0","0","0","0","0","0","0","0","0","0","0","0","0","0","0","0","0","0","0","0","0","0","0","0","0","0","0","0","0","0","1","1","1","1","1","1","1","1","1","1","1","1","1","1","1","1","1","1","1","1","1","1","1","1","1","1","3","3","3","3","3","3","3"
"52224","Cuaspúd","5","Nariño","0.862978103","-77.72894683","0","0","0","0","0","0","0","0","0","0","0","0","0","0","0","0","0","0","0","0","0","0","0","0","0","0","0","0","0","0","0","0","0","0","0","0","0","0","0","0","0","0","0","0","0","0","1","1","1","1","1","1","1","4","4","6","6","6","6","6","6","6","6","6"
"52227","Cumbal","5","Nariño","0.906185361","-77.79227662","0","0","0","0","0","0","0","0","0","0","0","0","0","0","0","0","0","0","0","0","0","0","0","2","2","2","2","2","2","2","2","2","2","3","3","3","3","3","3","3","3","3","3","3","3","3","3","3","3","3","3","3","3","3","3","3","3","4","4","4","4","4","4","4"
"52233","Cumbitara","5","Nariño","1.646845971","-77.57814673","0","0","0","0","0","0","0","0","0","0","0","0","0","0","0","0","0","0","0","0","0","0","0","0","0","0","0","0","0","0","0","1","1","1","1","1","1","1","1","1","1","1","1","1","1","1","1","1","1","1","1","1","1","1","1","1","1","1","1","1","1","1","1","1"
"52317","Guachucal","5","Nariño","0.959743484","-77.73158986","0","0","0","0","0","0","0","0","0","0","0","0","0","0","0","0","0","0","0","0","0","0","0","0","0","0","0","0","0","0","0","0","0","0","0","0","0","0","0","0","0","0","0","0","0","0","0","0","0","0","0","0","0","1","1","1","1","1","1","1","1","1","1","1"
"52356","Ipiales","5","Nariño","0.827734241","-77.64640075","0","0","0","0","0","0","0","0","0","0","0","0","0","0","0","1","1","1","1","1","1","1","1","1","1","1","1","1","1","1","3","11","14","18","18","18","21","21","21","21","21","21","25","35","35","35","44","51","52","53","54","56","56","64","66","93","93","95","97","97","97","98","98","104"
"52381","La Florida","5","Nariño","1.299192232","-77.40643084","0","0","0","0","0","0","0","0","0","0","0","0","0","0","0","0","0","0","0","0","0","0","0","0","0","0","0","0","0","0","0","0","0","0","0","0","0","0","0","0","0","0","0","0","0","0","0","0","0","0","0","0","0","1","1","1","1","1","1","1","1","1","1","1"
"52399","La Unión","5","Nariño","1.600268613","-77.13115435","0","0","0","0","0","0","0","0","0","0","0","0","0","0","0","0","0","0","0","0","0","0","0","0","0","0","0","0","0","0","0","1","1","1","1","1","1","1","1","1","1","1","1","1","1","1","1","1","1","1","1","1","1","1","1","1","1","1","1","1","1","1","1","1"
"52411","Linares","5","Nariño","1.351145073","-77.52193996","0","0","0","0","0","0","0","0","0","0","0","0","0","0","0","0","0","0","0","0","0","0","0","0","0","0","0","0","0","0","0","0","0","0","0","0","0","0","0","0","0","0","0","0","0","0","0","0","0","0","0","0","0","0","0","0","0","0","1","1","1","1","1","1"
"52427","Magüí","5","Nariño","1.765313671","-78.18106078","0","0","0","0","0","0","0","0","0","0","0","0","0","0","0","0","0","0","0","0","0","0","0","0","0","0","0","0","0","0","0","0","0","0","0","0","0","0","0","0","0","0","0","0","0","0","0","0","0","0","0","0","0","0","0","0","0","0","0","0","0","0","1","1"
"52560","Potosí","5","Nariño","0.806340417","-77.57279178","0","0","0","0","0","0","0","0","0","0","0","0","0","0","0","0","0","0","0","0","0","0","0","0","0","0","0","0","0","0","0","0","0","0","0","0","0","0","0","0","0","0","0","0","0","0","0","0","0","0","1","1","1","1","1","1","1","1","1","1","1","4","4","4"
"52835","San Andrés de Tumaco","5","Nariño","1.80711725","-78.76385415","0","0","0","0","0","0","0","0","0","0","0","0","0","0","0","0","0","0","0","0","0","0","1","1","1","1","1","1","1","1","1","2","2","3","3","3","3","3","4","5","6","6","7","7","7","7","11","17","17","18","27","27","27","46","47","58","58","96","99","99","99","103","131","134"
"52838","Túquerres","5","Nariño","1.085193359","-77.61688638","0","0","0","0","0","0","0","0","0","0","0","0","0","0","0","0","0","0","0","0","0","0","0","0","0","0","0","0","0","0","0","0","0","0","0","0","0","0","0","1","1","1","1","1","1","1","1","1","1","1","2","2","2","2","2","2","2","2","2","2","2","2","2","2"
"54001","Cúcuta","54","Norte de Santander","7.905306295","-72.5082562","0","0","0","0","0","0","1","1","3","3","6","6","7","7","7","10","14","14","14","14","14","15","17","17","19","23","23","23","23","23","25","34","36","37","39","39","46","52","52","52","54","54","54","54","55","55","55","55","56","56","62","62","62","66","72","72","72","73","73","73","78","79","79","79"
"54003","Ábrego","54","Norte de Santander","8.081784141","-73.2217344","0","0","0","0","0","0","0","0","0","0","0","0","0","0","0","0","0","0","0","0","0","0","0","0","0","0","0","0","0","0","0","0","0","0","0","0","0","0","0","0","0","0","0","0","0","0","0","0","0","0","0","0","0","0","1","1","1","1","1","1","1","1","1","1"
"54405","Los Patios","54","Norte de Santander","7.833256289","-72.50571256","0","0","0","0","0","0","0","0","0","0","0","0","0","0","0","0","0","0","0","0","0","0","0","0","0","0","0","0","0","0","0","0","0","0","0","0","0","0","0","0","0","0","0","0","0","0","0","0","0","0","0","0","0","0","0","0","0","0","0","0","0","1","1","1"
"54498","Ocaña","54","Norte de Santander","8.247453792","-73.3558144","0","0","0","0","0","0","0","0","0","0","0","0","0","0","0","0","0","0","0","0","0","0","0","0","0","0","0","0","0","0","0","1","1","1","1","1","1","1","1","1","1","1","1","1","1","1","1","1","1","1","2","2","2","2","4","4","4","4","4","4","5","5","7","7"
"54518","Pamplona","54","Norte de Santander","7.37285018","-72.64768144","0","0","0","0","0","0","0","0","0","0","0","0","0","0","0","0","0","0","0","0","0","0","0","0","0","0","0","0","0","0","0","0","0","0","0","0","0","0","0","0","0","0","0","0","0","0","0","0","0","0","0","0","0","0","0","0","0","0","0","0","0","0","1","1"
"54553","Puerto Santander","54","Norte de Santander","8.360945615","-72.41031378","0","0","0","0","0","0","0","0","0","0","0","0","0","0","0","0","0","0","0","0","0","0","1","1","1","1","1","1","1","1","1","1","1","1","1","1","1","1","1","1","1","1","1","1","1","1","1","1","1","1","1","1","1","1","1","1","1","1","1","1","1","1","1","1"
"54810","Tibú","54","Norte de Santander","8.639548853","-72.73591863","0","0","0","0","0","0","0","0","0","0","0","0","0","0","0","0","0","0","0","0","0","0","0","0","0","0","0","0","0","0","0","0","0","0","0","0","0","0","0","0","0","0","0","0","0","0","0","0","0","0","0","0","0","0","1","1","1","1","1","1","1","2","3","3"
"54820","Toledo","54","Norte de Santander","7.310031828","-72.48510732","0","0","0","0","0","0","0","0","0","0","0","0","0","0","0","0","0","0","0","0","0","0","0","0","0","0","0","0","0","0","0","0","0","0","0","0","0","0","0","0","0","0","0","0","0","0","0","0","0","1","1","1","1","1","1","1","1","1","1","1","1","1","1","1"
"54874","Villa del Rosario","54","Norte de Santander","7.847487432","-72.47006734","0","0","0","0","0","0","0","0","0","0","0","0","1","1","1","1","1","1","1","1","1","1","1","1","1","1","1","1","1","1","1","2","2","2","2","2","2","3","3","3","3","3","3","3","3","3","3","3","3","3","3","3","3","3","4","4","4","4","4","4","4","4","5","5"
"63001","Armenia","63","Quindio","4.535989502","-75.68075076","0","0","0","0","0","0","0","0","2","2","3","3","3","5","6","7","11","11","13","13","13","13","13","15","15","15","15","15","15","15","25","26","29","32","32","33","33","33","33","35","37","37","39","39","39","39","39","39","40","42","43","43","43","44","44","44","44","45","45","46","47","47","47","49"
"63130","Calarcá","63","Quindio","4.515281846","-75.64908836","0","0","0","0","0","0","0","0","0","0","0","0","0","1","1","1","1","1","2","2","2","2","2","2","2","2","2","2","2","2","6","6","6","6","6","7","7","7","7","7","7","7","7","7","7","7","7","7","7","7","7","7","7","7","7","7","7","7","7","7","7","7","8","8"
"63190","Circasia","63","Quindio","4.617792043","-75.63652823","0","0","0","0","0","0","0","0","0","0","0","0","0","0","0","0","0","0","0","0","0","0","0","2","2","2","2","2","2","2","3","3","3","3","3","3","3","3","3","3","3","3","3","3","3","3","3","3","3","3","3","3","3","3","3","3","3","3","3","3","3","3","3","3"
"63212","Córdoba","63","Quindio","4.392485449","-75.68786636","0","0","0","0","0","0","0","0","0","0","0","0","0","0","0","0","0","0","0","0","0","0","0","0","0","0","0","0","0","0","0","0","0","0","0","0","0","0","0","0","0","0","0","0","0","0","0","0","0","0","0","0","0","0","0","0","0","0","0","0","0","0","0","1"
"63272","Filandia","63","Quindio","4.674145572","-75.65868588","0","0","0","0","0","0","0","0","0","0","0","0","0","0","0","0","0","0","0","0","0","0","0","1","1","1","1","1","1","1","1","1","1","1","1","1","1","1","1","1","1","1","1","1","1","1","1","1","1","1","1","1","1","1","1","1","1","1","1","1","1","1","1","2"
"63401","La Tebaida","63","Quindio","4.453650416","-75.78646018","0","0","0","0","0","0","0","0","0","0","0","0","0","0","0","0","0","0","0","0","0","0","0","0","0","0","0","0","0","0","1","1","1","1","1","1","1","1","1","1","1","1","1","1","1","1","1","1","1","1","1","1","1","1","1","1","1","3","3","3","3","3","3","3"
"63470","Montenegro","63","Quindio","4.562959743","-75.75181224","0","0","0","0","0","0","0","0","0","0","0","0","0","0","0","0","0","0","0","1","1","1","1","3","3","3","3","3","3","3","4","4","4","4","4","4","4","4","4","4","4","4","4","4","4","4","4","4","4","4","4","4","4","4","4","4","4","4","4","5","5","5","5","5"
"66001","Pereira","17","Risaralda","4.805680265","-75.71712306","0","0","0","0","0","0","0","0","1","3","3","4","5","7","7","10","12","12","12","12","20","20","25","25","25","27","27","27","27","27","32","33","35","38","40","41","44","46","46","75","83","87","87","89","94","97","98","123","126","126","132","132","138","139","143","143","143","143","143","143","144","146","146","146"
"66170","Dosquebradas","17","Risaralda","4.827187832","-75.68246912","0","0","0","0","0","1","1","1","1","2","2","2","2","5","6","6","6","6","6","6","8","8","9","9","9","9","9","9","9","9","13","15","16","19","20","20","25","25","25","35","39","40","40","43","44","45","46","53","55","55","55","57","57","59","60","63","63","63","64","64","65","65","65","65"
"66400","La Virginia","17","Risaralda","4.898666957","-75.88405843","0","0","0","0","0","0","0","0","0","0","0","0","0","0","0","0","0","0","0","0","0","0","0","0","0","0","0","0","0","0","0","0","0","0","0","0","0","0","0","1","1","1","1","1","1","1","1","1","1","1","1","1","1","2","2","2","2","2","2","2","2","2","2","2"
"66682","Santa Rosa de Cabal","17","Risaralda","4.867526454","-75.62001066","0","0","0","0","0","0","0","0","0","0","0","0","0","0","0","0","0","0","0","0","0","0","0","0","0","0","0","0","0","0","1","1","1","1","1","1","1","2","2","2","2","3","3","3","3","3","3","3","3","3","3","3","3","3","3","3","3","3","3","3","3","3","3","3"
"68001","Bucaramanga","23","Santander","7.116267276","-73.13259818","0","0","0","0","0","0","1","1","1","1","2","2","2","2","3","3","3","3","3","3","6","6","8","8","8","8","8","8","8","8","8","11","11","13","14","14","14","14","16","16","16","16","16","17","19","19","19","19","20","20","20","20","20","20","20","20","20","20","20","20","20","20","20","20"
"68081","Barrancabermeja","23","Santander","7.064963864","-73.84995698","0","0","0","0","0","0","0","0","0","0","0","0","0","0","0","0","0","0","0","0","0","0","0","0","0","0","0","0","1","1","1","2","2","4","4","4","5","5","6","6","6","6","6","6","6","6","6","6","6","6","6","6","6","6","6","6","6","6","6","6","6","6","6","6"
"68190","Cimitarra","23","Santander","6.320681867","-73.95258212","0","0","0","0","0","0","0","0","0","0","0","0","0","0","0","0","0","0","0","0","0","0","0","0","0","0","0","0","0","0","0","1","1","2","2","2","2","2","2","2","2","2","2","2","2","2","2","2","2","2","2","2","2","2","2","2","2","2","2","2","2","2","2","2"
"68207","Concepción","23","Santander","6.768836528","-72.69459425","0","0","0","0","0","0","0","0","0","0","0","0","0","0","0","0","0","0","0","0","0","0","0","0","0","0","0","0","0","0","0","1","1","1","1","1","1","1","1","1","1","1","1","1","1","1","1","1","1","1","1","1","1","1","1","1","1","1","1","1","1","1","1","1"
"68229","Curití","23","Santander","6.605106785","-73.06939052","0","0","0","0","0","0","0","0","0","0","0","0","0","0","0","0","0","0","0","0","0","0","0","0","0","0","0","0","0","0","0","1","1","1","1","1","1","1","1","1","1","1","1","1","1","1","1","1","1","1","1","1","1","1","1","1","1","1","1","1","1","1","1","1"
"68276","Floridablanca","23","Santander","7.072360403","-73.09903262","0","0","0","0","0","0","0","1","1","1","1","1","1","1","1","1","1","1","1","1","2","2","3","4","4","4","4","4","5","5","5","5","5","6","7","7","7","7","7","7","7","7","7","7","7","7","7","8","8","8","8","8","8","8","8","8","8","8","8","8","8","9","9","9"
"68547","Piedecuesta","23","Santander","6.997475804","-73.05466085","0","0","0","0","0","0","0","0","0","0","0","0","0","0","0","0","0","0","0","0","0","0","0","0","0","0","0","0","0","0","0","0","0","0","0","0","0","0","0","0","0","0","0","0","0","1","1","1","1","1","2","2","2","2","2","2","2","2","2","2","2","2","2","2"
"68872","Villanueva","23","Santander","6.670077672","-73.17430669","0","0","0","0","0","0","0","0","0","0","0","0","0","0","0","0","0","0","0","0","0","0","0","0","0","0","0","0","0","0","0","0","0","0","0","0","0","0","0","0","0","0","0","0","0","0","0","0","0","0","0","0","0","0","0","0","0","0","0","0","1","1","1","1"
"70001","Sincelejo","5","Sucre","9.302333104","-75.39548356","0","0","0","0","0","0","0","0","0","0","0","0","0","0","0","0","0","0","0","0","1","1","1","1","1","1","1","1","1","1","1","1","1","1","1","1","1","1","1","1","1","1","1","1","1","1","1","1","1","1","1","1","1","1","1","1","1","1","1","1","1","1","3","3"
"70418","Los Palmitos","5","Sucre","9.380228408","-75.26874889","0","0","0","0","0","0","0","0","0","0","0","0","0","0","0","0","0","0","0","0","0","0","0","0","0","0","0","0","0","0","0","0","0","0","0","0","0","0","0","0","0","0","0","0","0","0","0","0","0","0","0","0","0","0","0","0","0","0","0","0","1","1","1","1"
"73001","Ibagué","23","Tolima","4.439608991","-75.19371478","0","0","0","0","0","0","0","0","1","2","2","2","3","4","4","8","9","9","9","9","9","9","9","14","14","15","15","15","15","15","15","15","19","21","21","21","21","23","24","26","26","28","28","32","36","36","36","37","38","49","56","60","62","79","80","85","86","86","86","90","95","95","117","117"
"73268","Espinal","23","Tolima","4.151314221","-74.88544976","0","0","0","0","0","0","0","0","0","0","0","0","0","0","0","0","0","0","0","0","0","0","0","0","0","0","0","0","0","0","0","1","2","2","2","3","3","3","3","3","3","3","3","3","3","3","3","3","3","3","3","3","3","3","3","3","3","3","3","3","3","3","4","4"
"73319","Guamo","23","Tolima","4.031003906","-74.96812715","0","0","0","0","0","0","0","0","0","0","0","0","0","0","0","0","0","0","0","0","0","0","0","0","0","0","0","0","0","0","0","0","0","0","0","0","0","0","0","0","0","0","0","0","0","0","0","0","0","1","1","1","1","1","1","1","1","1","1","1","1","1","1","1"
"73449","Melgar","23","Tolima","4.208154892","-74.6298504","0","0","0","0","0","0","0","0","0","0","0","0","0","0","0","0","0","0","0","0","0","0","0","0","0","0","0","0","0","0","0","0","0","0","0","1","1","1","1","1","1","1","1","1","1","2","2","2","2","2","2","2","2","4","4","4","4","4","4","4","4","4","7","7"
"73624","Rovira","23","Tolima","4.238932685","-75.2408683","0","0","0","0","0","0","0","0","0","0","0","0","0","0","0","0","0","0","0","0","0","0","0","0","0","0","0","0","0","0","0","0","0","0","0","0","0","0","0","0","0","0","0","0","0","0","0","0","0","0","0","0","0","0","0","0","0","0","0","0","0","0","1","1"
"76001","Cali","76","Valle del Cauca","3.414414305","-76.52156515","0","0","0","0","1","1","1","3","8","8","8","9","16","20","23","46","48","50","50","58","65","72","81","104","106","119","133","147","156","169","240","271","334","380","386","391","403","418","436","466","478","487","524","548","571","605","622","638","657","663","692","712","749","797","838","840","866","894","934","972","1007","1058","1068","1094"
"76020","Alcalá","76","Valle del Cauca","4.674989542","-75.77981387","0","0","0","0","0","0","0","0","0","0","0","0","0","0","0","0","0","0","0","0","0","0","0","0","0","0","0","0","0","0","0","0","0","0","0","0","0","0","0","0","0","0","0","0","0","0","0","0","0","1","1","1","1","1","1","1","1","1","1","1","1","1","1","1"
"76036","Andalucía","76","Valle del Cauca","4.171724416","-76.1679212","0","0","0","0","0","0","0","0","0","0","0","0","0","0","0","0","0","0","0","0","0","0","0","0","0","0","0","0","0","0","1","1","1","1","1","1","1","1","1","1","1","1","1","1","1","1","1","1","1","1","1","1","1","1","1","1","1","1","1","1","1","2","2","2"
"76109","Buenaventura","76","Valle del Cauca","3.875802437","-77.0117402","0","0","0","0","0","0","0","0","0","0","0","0","0","0","0","0","0","0","0","0","0","0","0","0","0","0","0","1","2","2","3","4","4","6","7","7","9","10","12","14","17","17","18","20","20","20","22","22","24","24","25","27","29","34","36","36","39","47","48","51","52","56","57","62"
"76111","Guadalajara de Buga","76","Valle del Cauca","3.900823544","-76.29896113","0","1","1","1","1","1","1","1","1","1","1","1","1","1","1","1","1","1","1","1","1","1","1","1","1","1","1","1","1","1","3","3","5","5","5","5","6","6","6","8","8","8","8","8","8","8","8","8","8","8","8","8","8","11","11","11","11","11","11","11","11","11","11","11"
"76113","Bugalagrande","76","Valle del Cauca","4.208331592","-76.15680774","0","0","0","0","0","0","0","0","0","0","0","0","0","0","0","0","0","0","0","0","0","0","0","0","0","0","0","0","0","0","0","0","1","1","1","1","1","1","1","1","1","1","1","1","1","1","1","1","1","1","1","1","1","1","1","1","1","1","1","1","1","1","1","1"
"76126","Calima","76","Valle del Cauca","3.933524463","-76.48439175","0","0","0","0","0","0","0","0","0","0","0","0","0","0","0","1","1","1","1","1","1","1","1","1","1","1","1","1","1","1","1","1","1","1","1","1","1","1","1","1","1","1","1","1","1","1","1","1","1","1","1","1","1","1","1","1","1","1","1","1","1","1","1","1"
"76130","Candelaria","76","Valle del Cauca","3.407766466","-76.34642891","0","0","0","0","0","0","0","0","0","0","0","0","0","0","0","0","0","0","0","0","0","0","0","0","0","0","0","0","0","0","0","0","0","2","2","2","2","3","3","3","3","3","3","3","3","3","3","3","3","3","3","3","3","3","3","3","3","4","4","5","5","5","5","5"
"76147","Cartago","76","Valle del Cauca","4.758755098","-75.94226404","0","0","0","0","0","0","0","0","0","0","0","0","1","1","1","2","2","2","2","3","3","5","6","7","7","7","7","7","7","7","8","8","8","8","8","8","8","8","8","9","9","9","9","9","9","9","9","9","10","10","11","11","11","13","13","13","13","13","13","13","13","13","13","13"
"76233","Dagua","76","Valle del Cauca","3.657308485","-76.68887101","0","0","0","0","0","0","0","0","0","0","0","0","0","0","0","0","0","0","0","0","0","0","0","0","0","0","0","0","0","0","0","0","0","0","0","0","0","0","0","0","0","0","0","0","0","0","0","0","0","0","0","1","1","1","1","1","1","1","1","1","1","1","1","2"
"76248","El Cerrito","76","Valle del Cauca","3.684258941","-76.31172554","0","0","0","0","0","0","0","0","0","0","0","0","0","0","0","0","0","0","0","0","0","0","0","0","0","0","0","0","0","0","0","0","0","3","3","3","3","3","4","6","7","7","10","11","11","11","11","12","12","12","13","13","13","13","13","13","14","14","14","14","14","14","14","14"
"76250","El Dovio","76","Valle del Cauca","4.510452885","-76.23708411","0","0","0","0","0","0","0","0","0","0","0","0","0","0","0","0","1","1","1","1","1","1","1","1","1","1","1","1","3","3","4","4","4","4","4","4","4","4","4","4","4","4","4","4","4","4","4","4","4","4","4","4","4","4","4","4","4","4","4","4","4","4","4","4"
"76275","Florida","76","Valle del Cauca","3.323918106","-76.23450174","0","0","0","0","0","0","0","0","0","0","0","0","0","0","0","0","0","0","0","0","0","0","0","0","0","0","0","0","0","0","0","0","0","0","1","1","1","1","3","4","4","4","7","7","8","8","8","8","8","8","8","8","9","9","9","9","9","9","9","9","9","9","9","9"
"76306","Ginebra","76","Valle del Cauca","3.724181147","-76.26806789","0","0","0","0","0","0","0","0","0","0","0","0","0","0","0","0","0","0","0","0","0","0","0","0","0","0","0","0","0","0","1","1","1","1","1","1","1","1","1","1","1","1","1","1","1","1","1","1","1","1","1","1","1","1","1","1","1","1","1","1","1","1","1","1"
"76318","Guacarí","76","Valle del Cauca","3.762909008","-76.33136735","0","0","0","0","0","0","0","0","0","0","0","0","0","0","0","0","0","0","0","0","0","0","0","0","0","0","0","1","1","1","1","1","1","1","2","2","2","2","2","2","2","2","2","2","2","2","2","2","2","2","2","2","2","2","2","2","2","2","2","2","2","2","2","2"
"76364","Jamundí","76","Valle del Cauca","3.26227576","-76.54245873","0","0","0","0","0","0","0","0","0","0","0","0","0","0","0","0","0","0","0","0","0","0","0","0","0","0","0","0","0","0","3","4","4","5","5","5","5","5","7","7","7","7","7","9","9","9","10","10","11","11","11","11","11","17","17","17","19","19","19","24","27","27","27","27"
"76400","La Unión","76","Valle del Cauca","4.533783288","-76.09960718","0","0","0","0","0","0","0","0","0","0","0","0","0","0","0","1","1","1","1","1","1","1","1","1","1","1","1","1","1","1","1","1","1","1","1","1","1","1","1","1","1","1","1","1","1","1","1","1","1","1","1","1","1","1","1","1","1","1","1","1","1","1","1","1"
"76520","Palmira","76","Valle del Cauca","3.532349153","-76.29858255","0","0","0","0","1","1","1","1","4","4","5","5","9","9","11","11","13","13","13","15","16","20","21","22","23","24","24","25","25","25","28","28","33","34","34","34","34","36","36","37","43","43","47","47","47","47","47","47","47","47","47","47","47","49","49","49","51","51","51","51","51","51","51","51"
"76606","Restrepo","76","Valle del Cauca","3.821348382","-76.52311704","0","0","0","0","0","0","0","0","0","0","0","0","0","0","0","0","0","0","0","0","0","0","0","0","0","0","0","0","0","0","0","0","0","0","0","0","0","0","0","0","0","0","0","0","0","0","0","0","0","0","0","0","0","0","0","0","0","1","1","1","1","1","1","1"
"76622","Roldanillo","76","Valle del Cauca","4.4135962","-76.15228663","0","0","0","0","0","0","0","0","0","0","0","0","0","0","0","0","0","0","0","0","0","0","0","0","0","0","0","0","0","0","0","0","0","0","0","0","0","0","0","0","0","0","0","0","0","0","0","0","0","0","0","0","0","1","1","1","1","1","1","1","1","1","1","1"
"76670","San Pedro","76","Valle del Cauca","3.994992607","-76.22853779","0","0","0","0","0","0","0","0","0","0","0","0","0","0","0","1","1","1","1","1","1","1","1","1","1","1","1","1","1","1","1","1","1","2","2","2","2","2","2","2","2","2","2","3","3","3","3","3","3","3","3","3","3","3","3","3","3","3","3","3","3","3","3","3"
"76828","Trujillo","76","Valle del Cauca","4.212050806","-76.31880894","0","0","0","0","0","0","0","0","0","0","0","0","0","0","1","1","1","1","1","1","1","1","1","1","1","1","1","1","1","1","3","3","3","3","3","3","3","3","3","3","3","3","3","3","3","3","3","3","3","3","3","3","3","3","3","3","3","3","3","3","3","3","3","3"
"76834","Tuluá","76","Valle del Cauca","4.085261239","-76.19769968","0","0","0","0","0","0","0","0","0","0","0","0","0","0","0","2","2","2","2","2","2","2","2","3","3","4","4","4","4","4","8","9","9","9","9","9","10","10","12","12","12","12","13","13","14","14","15","16","16","16","18","18","19","19","20","20","20","20","20","20","20","20","20","23"
"76845","Ulloa","76","Valle del Cauca","4.702513911","-75.73774747","0","0","0","0","0","0","0","0","0","0","0","0","0","0","0","0","0","0","0","0","0","0","0","1","1","1","1","1","1","1","1","1","1","1","1","1","1","1","1","1","1","1","1","1","1","1","1","1","1","1","1","1","1","1","1","1","1","1","1","1","1","1","1","1"
"76869","Vijes","76","Valle del Cauca","3.698587929","-76.44196521","0","0","0","0","0","0","0","0","0","0","0","0","0","0","0","0","0","0","0","0","0","0","0","0","0","0","0","0","0","0","0","0","0","0","0","0","0","0","0","0","0","1","1","1","1","1","1","1","2","2","2","2","2","2","2","2","5","5","5","5","5","6","6","6"
"76890","Yotoco","76","Valle del Cauca","3.861214584","-76.38247445","0","0","0","0","0","0","0","0","0","0","0","0","0","0","0","0","0","0","0","0","0","0","0","0","0","0","0","0","0","0","0","0","0","0","1","1","1","1","1","1","1","1","1","1","1","1","1","1","3","3","3","3","3","3","3","3","3","3","3","3","3","3","3","3"
"76892","Yumbo","76","Valle del Cauca","3.528968908","-76.49981978","0","0","0","0","0","0","0","0","0","0","0","0","0","1","1","1","1","1","1","1","1","1","1","5","5","5","5","5","6","6","6","6","6","10","10","10","10","10","10","16","17","17","17","18","20","20","22","22","22","22","22","22","22","23","23","23","23","23","24","24","24","24","24","25"
"85001","Yopal","85","Casanare","5.327612651","-72.39691516","0","0","0","0","0","0","0","0","0","0","0","0","0","1","1","1","1","1","1","1","1","1","1","2","2","2","2","2","2","2","2","3","5","7","7","7","9","9","9","9","9","10","10","10","10","10","10","10","10","10","16","17","17","17","17","18","19","19","19","19","19","19","20","20"
"85250","Paz de Ariporo","85","Casanare","5.88003657","-71.89092396","0","0","0","0","0","0","0","0","0","0","0","0","0","0","0","0","0","0","0","0","0","0","0","0","0","0","0","0","0","0","0","0","0","0","0","0","0","0","0","0","0","0","0","0","0","0","0","0","0","0","0","1","1","1","1","1","1","1","1","1","1","1","1","1"
"86573","Puerto Leguízamo","86","Putumayo","-0.191872849","-74.78247103","0","0","0","0","0","0","0","0","0","0","0","0","0","0","0","0","0","0","0","0","0","0","0","0","0","0","0","0","0","0","0","0","0","0","0","0","0","0","0","0","0","0","0","0","0","0","0","0","0","0","0","0","0","0","0","0","0","0","0","0","0","0","1","1"
"88001","San Andrés","88","Archipiélago de San Andrés Providencia y Santa Catalina","12.58301369","-81.69606298","0","0","0","0","0","0","0","0","0","0","0","0","0","1","1","1","1","1","1","1","1","1","1","2","2","2","2","2","2","2","2","4","4","5","5","5","5","5","5","6","6","6","6","6","6","6","6","6","6","6","6","6","6","6","6","6","6","6","6","6","6","6","6","6"
"91001","Leticia","91","Amazonas","-4.199836935","-69.94142671","0","0","0","0","0","0","0","0","0","0","0","0","0","0","0","0","0","0","0","0","0","0","0","0","0","0","0","0","0","0","0","0","0","0","0","0","0","0","0","1","4","4","4","6","6","12","14","37","40","40","77","104","104","105","136","182","230","231","231","419","431","434","527","717"
"91540","Puerto Nariño","91","Amazonas","-3.780447632","-70.36451835","0","0","0","0","0","0","0","0","0","0","0","0","0","0","0","0","0","0","0","0","0","0","0","0","0","0","0","0","0","0","0","0","0","0","0","0","0","0","0","0","0","0","0","0","0","0","0","0","0","0","0","0","0","0","0","0","0","0","0","0","0","0","1","1"
