"DIVIPOLA","City_Municipality","ID_Deparment","Department","Latitude","Longitude","03/13/2020","03/14/2020","03/15/2020","03/17/2020","03/19/2020","03/20/2020","03/21/2020","03/22/2020","03/23/2020","03/24/2020","03/25/2020","03/26/2020","03/27/2020","03/28/2020","03/29/2020","03/30/2020","03/31/2020","04/01/2020","04/02/2020","04/03/2020","04/04/2020","04/05/2020","04/06/2020","04/07/2020","04/08/2020","04/09/2020","04/10/2020","04/11/2020","04/12/2020","04/13/2020","04/14/2020","04/15/2020","04/16/2020","04/17/2020","04/18/2020","04/19/2020","04/20/2020","04/21/2020","04/22/2020","04/23/2020","04/24/2020","04/25/2020","04/26/2020","04/27/2020","04/28/2020","04/29/2020","04/30/2020","05/01/2020","05/02/2020","05/03/2020","05/04/2020","05/05/2020","05/06/2020","05/07/2020","05/08/2020","05/09/2020","05/10/2020","05/11/2020","05/12/2020","05/13/2020","05/14/2020","05/15/2020","05/16/2020"
"5001","Medellin","5","Antioquia","5.610109776","-74.88681663","0","0","1","1","1","1","1","1","3","4","7","8","8","11","18","24","30","35","37","41","46","49","51","54","55","58","61","62","62","66","67","68","68","70","72","82","86","89","90","95","95","97","102","105","111","114","116","118","120","122","124","134","137","142","153","165","167","182","183","190","190","191","193"
"5038","Angostura","5","Antioquia","6.885174591","-75.33511597","0","0","0","0","0","0","0","0","0","0","0","0","0","0","0","0","0","0","0","0","0","0","0","0","0","0","0","0","0","0","0","0","0","0","0","0","0","0","0","0","0","0","0","0","0","0","0","0","0","0","0","0","0","0","0","1","1","1","1","1","1","1","1"
"5045","Apartado","5","Antioquia","7.883417406","-76.62596065","0","0","0","0","0","0","0","0","0","0","0","0","0","0","0","0","0","0","0","1","1","1","1","1","1","1","1","1","1","1","1","1","1","2","2","2","2","2","2","2","2","2","2","2","2","2","2","2","2","2","2","2","2","2","4","4","4","4","4","4","4","4","4"
"5088","Bello","5","Antioquia","6.334068836","-75.55466507","0","0","0","0","0","0","0","0","0","0","0","0","0","0","0","0","2","2","2","2","3","3","3","4","4","4","5","5","5","8","9","10","10","11","12","12","13","13","13","13","13","14","14","15","18","20","21","23","23","23","23","26","26","26","29","30","32","33","34","36","36","36","36"
"5129","Caldas","5","Antioquia","6.091296966","-75.63361872","0","0","0","0","0","0","0","0","0","0","0","0","0","0","0","0","0","0","0","0","0","0","0","0","0","0","0","0","0","0","0","0","0","0","0","0","2","2","2","2","2","3","3","3","3","3","3","3","3","3","3","3","3","3","3","3","3","3","3","3","3","3","3"
"5197","Cocorna","5","Antioquia","6.058306335","-75.18548101","0","0","0","0","0","0","0","0","0","0","0","0","0","0","0","0","0","0","0","0","0","0","0","0","0","0","0","0","0","0","0","0","0","0","0","0","0","0","0","0","0","0","0","0","0","0","0","0","0","0","0","0","0","1","1","1","1","1","1","1","1","1","1"
"5212","Copacabana","5","Antioquia","6.348640545","-75.5093439","0","0","0","0","0","0","0","0","0","0","0","0","0","0","0","0","0","0","0","0","0","0","0","0","0","0","0","0","0","0","0","0","0","1","1","1","1","1","1","1","1","1","1","1","1","1","1","1","2","3","4","4","4","4","5","5","5","5","5","5","5","5","5"
"5237","Donmatias","5","Antioquia","6.484469957","-75.39272406","0","0","0","0","0","0","0","0","0","0","0","0","0","0","0","0","0","0","0","0","0","0","0","0","1","1","1","1","1","1","1","1","1","1","1","1","1","1","1","1","1","1","1","1","1","1","1","1","1","1","1","1","1","1","1","1","1","1","1","1","1","1","1"
"5266","Envigado","5","Antioquia","6.167004552","-75.58301014","0","0","0","0","0","0","0","0","0","0","0","0","0","0","0","1","1","2","2","5","6","6","6","7","9","9","9","11","11","11","11","11","11","11","11","11","11","11","14","14","15","15","15","16","17","17","17","17","17","17","17","18","19","19","19","20","20","21","21","21","21","21","22"
"5284","Frontino","5","Antioquia","6.776065912","-76.13076514","0","0","0","0","0","0","0","0","0","0","0","0","0","0","0","0","0","0","1","1","1","1","1","1","1","1","1","1","1","1","1","1","1","1","1","1","1","1","1","1","1","1","1","1","1","1","1","1","1","1","1","1","1","1","1","1","1","1","1","1","1","1","1"
"5318","Guarne","5","Antioquia","6.278064077","-75.44165392","0","0","0","0","0","0","0","0","0","0","0","0","0","1","1","1","1","1","1","1","1","1","1","1","1","1","2","2","2","2","2","2","2","2","2","2","2","2","2","2","2","2","2","2","3","3","3","3","3","3","3","3","3","3","3","3","3","3","3","3","3","3","3"
"5321","Guatape","5","Antioquia","6.232592707","-75.16229259","0","0","0","0","0","0","0","0","0","0","1","1","1","1","1","1","1","1","1","1","1","1","1","1","1","1","1","1","1","1","1","1","1","1","1","1","1","1","1","1","1","1","1","1","1","1","1","1","1","1","1","1","1","1","1","1","1","1","1","1","1","1","2"
"5360","Itagui","5","Antioquia","6.169597629","-75.61435871","0","0","0","0","0","0","0","0","0","0","0","1","1","1","1","1","1","1","1","1","1","1","4","4","4","4","4","4","4","4","6","6","6","6","6","7","7","7","7","7","7","7","9","9","9","9","9","9","9","9","9","9","10","11","12","12","12","12","12","12","12","12","12"
"5376","La Ceja","5","Antioquia","6.028055744","-75.42943089","0","0","0","0","0","0","0","0","0","0","0","0","0","0","0","0","0","0","0","0","1","1","1","1","1","1","1","1","1","1","1","1","1","1","1","2","2","2","2","2","2","2","2","2","2","2","2","2","2","2","2","2","2","2","2","2","2","2","2","2","2","2","2"
"5380","La Estrella","5","Antioquia","6.15841974","-75.64519038","0","0","0","0","0","0","0","0","0","0","0","0","0","0","0","0","0","0","0","1","1","1","1","1","1","1","1","1","2","2","2","2","2","2","2","2","2","2","2","2","2","2","3","3","3","4","4","4","4","4","4","4","4","4","4","4","5","5","5","6","6","6","6"
"5467","Montebello","5","Antioquia","5.946325567","-75.52351091","0","0","0","0","0","0","0","0","0","0","0","0","0","0","0","0","0","0","0","0","0","0","0","0","0","0","0","0","0","0","0","0","0","0","0","0","0","0","0","0","0","0","0","0","0","0","0","0","0","0","0","0","0","0","1","1","1","1","1","1","1","2","2"
"5607","Retiro","5","Antioquia","6.063379954","-75.50137516","0","0","0","0","0","0","0","0","0","0","0","0","0","0","0","0","0","0","0","0","0","0","0","1","1","1","1","1","1","1","1","1","1","1","1","1","1","1","1","1","1","1","1","1","1","1","1","1","1","1","1","1","1","1","1","1","1","1","1","1","1","1","1"
"5615","Rionegro","5","Antioquia","6.14722409","-75.37676938","0","0","0","0","0","0","0","0","0","1","2","2","2","2","3","3","3","3","4","4","4","5","5","6","6","6","6","7","8","8","8","8","8","8","8","8","8","8","8","9","9","9","9","9","9","9","9","9","9","9","9","9","9","9","9","10","11","11","11","11","11","11","11"
"5631","Sabaneta","5","Antioquia","6.150970181","-75.61558529","0","0","0","0","0","0","0","0","0","0","0","0","0","0","0","1","2","2","3","3","3","3","3","5","5","5","5","5","5","5","6","6","7","7","7","7","7","7","7","7","7","7","7","7","7","7","7","7","7","7","7","7","7","7","8","8","9","9","9","9","9","9","9"
"5686","Santa Rosa de Osos","5","Antioquia","6.643326001","-75.46074502","0","0","0","0","0","0","0","0","0","0","0","0","0","0","0","0","0","1","1","1","1","1","1","1","1","1","1","1","1","2","2","2","2","2","2","2","2","2","2","2","2","2","2","2","2","2","2","2","2","2","2","2","2","2","2","2","2","2","2","2","2","2","2"
"5697","El Santuario","5","Antioquia","6.137046858","-75.26584979","0","0","0","0","0","0","0","0","0","0","0","0","0","0","0","0","0","0","0","0","0","0","0","0","0","0","0","0","0","0","0","0","0","0","0","0","0","0","0","0","0","1","1","1","1","1","1","1","1","1","1","1","1","1","1","1","1","1","1","1","1","1","1"
"5756","Sonson","5","Antioquia","5.714811641","-75.30939515","0","0","0","0","0","0","0","0","0","0","0","0","0","0","0","0","0","0","0","0","0","0","0","0","0","0","0","0","0","0","0","0","0","0","0","0","0","0","0","0","0","1","1","1","1","1","1","1","1","1","1","1","1","1","1","1","1","1","1","1","1","1","1"
"8001","Barranquilla","8","Atlantico","10.97592682","-74.79525905","0","0","0","0","0","0","0","0","0","2","3","3","4","5","6","10","11","11","16","18","22","22","23","23","27","27","27","27","28","28","28","28","30","31","31","35","36","36","37","37","39","39","41","41","41","41","41","41","41","42","43","49","61","62","64","67","69","71","71","74","74","74","74"
"8078","Baranoa","8","Atlantico","10.79488048","-74.91609981","0","0","0","0","0","0","0","0","0","0","0","0","0","0","0","0","0","0","0","0","0","0","0","0","0","0","0","0","0","0","0","0","0","0","0","0","0","2","2","2","2","2","2","2","2","2","2","2","2","2","2","2","2","2","2","2","2","2","2","2","2","2","2"
"8296","Galapa","8","Atlantico","10.919641","-74.8669381","0","0","0","0","0","0","0","0","0","0","0","0","0","0","0","0","0","0","0","0","0","0","0","0","1","1","1","1","1","1","1","1","1","1","1","1","1","1","1","1","1","1","1","1","1","1","1","1","1","1","1","1","1","1","1","1","1","1","1","1","1","1","1"
"8433","Malambo","8","Atlantico","10.85628724","-74.77424057","0","0","0","0","0","0","0","0","0","0","0","0","0","0","0","0","0","0","0","0","0","0","0","0","0","0","0","0","0","0","0","0","0","0","0","0","0","0","0","1","1","1","1","1","1","2","2","2","2","2","2","2","2","2","2","2","2","2","2","2","2","2","2"
"8558","Polonuevo","8","Atlantico","10.77772451","-74.85425725","0","0","0","0","0","0","0","0","0","0","0","0","0","0","0","0","0","0","1","1","1","1","1","1","1","1","1","1","1","1","1","1","1","1","1","1","1","1","1","1","1","1","1","1","1","1","1","1","1","1","1","1","1","1","1","1","1","1","1","1","1","1","1"
"8560","Ponedera","8","Atlantico","10.64179593","-74.75390044","0","0","0","0","0","0","0","0","0","0","0","0","0","0","0","0","0","0","0","0","0","0","0","0","0","0","0","1","1","1","1","1","1","1","1","1","1","1","1","1","1","1","1","1","1","1","1","1","1","1","1","1","1","1","1","1","1","1","1","1","1","1","1"
"8573","Puerto Colombia","8","Atlantico","11.02294005","-74.85196357","0","0","0","0","0","0","0","0","0","0","0","0","0","0","0","0","0","0","0","0","0","0","0","0","0","0","1","1","1","1","1","1","1","1","1","1","1","1","1","2","2","2","2","2","2","2","2","2","2","2","2","2","2","2","2","2","2","2","2","2","2","2","2"
"8634","Sabanagrande","8","Atlantico","10.79107595","-74.75850721","0","0","0","0","0","0","0","0","0","0","0","0","0","0","0","0","0","0","0","0","0","0","0","0","0","0","0","0","0","0","0","0","0","0","0","0","0","0","0","0","0","0","0","0","0","0","0","0","1","1","1","1","1","1","1","1","1","1","4","4","6","6","6"
"8638","Sabanalarga","8","Atlantico","10.63283523","-74.92109368","0","0","0","0","0","0","0","0","0","0","0","0","0","0","0","0","0","0","0","0","0","0","0","0","0","0","0","0","0","0","0","0","0","0","0","0","0","0","0","0","0","0","0","0","0","0","0","0","0","0","0","0","0","0","0","0","0","0","0","0","1","1","1"
"8685","Santo Tomas","8","Atlantico","10.75605629","-74.75411186","0","0","0","0","0","0","0","0","0","0","0","0","0","0","0","0","0","0","0","0","0","0","0","0","0","0","0","0","0","1","1","1","1","1","1","1","1","1","1","1","1","1","1","1","1","1","1","1","1","1","1","1","1","1","1","1","1","1","1","1","1","1","1"
"8758","Soledad","8","Atlantico","10.91017447","-74.78483338","0","0","0","0","0","0","0","0","0","0","0","0","0","0","0","0","0","0","0","0","0","0","0","0","0","0","2","3","3","3","3","4","4","8","9","10","10","10","10","10","10","10","10","10","12","12","12","12","12","12","14","15","16","16","17","19","19","19","19","21","21","21","21"
"11001","Bogota D.C.","11","Bogota D.C.","4.65017303","-74.107359","1","2","2","2","2","3","6","8","12","15","15","22","32","39","48","58","64","79","94","110","116","122","129","134","138","147","158","171","230","278","315","382","416","427","440","449","467","477","496","519","535","569","578","605","625","652","668","707","738","769","810","937","1008","1079","1122","1192","1269","1317","1335","1360","1365","1366","1380"
"13001","Cartagena de Indias","19","Bolivar","10.38498552","-75.49643103","0","0","0","1","1","1","1","1","1","1","4","4","6","7","9","9","9","9","9","10","11","11","13","14","25","26","29","30","31","37","43","52","58","62","62","65","69","76","80","83","91","94","96","99","101","110","111","114","117","118","121","126","130","135","144","146","150","152","152","153","153","153","153"
"13052","Arjona","19","Bolivar","10.25663152","-75.34448845","0","0","0","0","0","0","0","0","0","0","0","0","0","0","0","0","0","0","0","0","0","0","0","0","0","0","0","0","0","0","0","0","0","0","0","0","0","0","0","1","1","1","1","1","1","1","1","1","1","1","2","4","4","4","4","4","4","4","4","4","4","4","4"
"13683","Santa Rosa","19","Bolivar","10.44439608","-75.36983166","0","0","0","0","0","0","0","0","0","0","0","0","0","0","0","0","0","0","0","0","0","0","0","0","0","0","0","0","0","0","0","0","0","0","0","0","0","0","0","0","0","0","0","0","0","0","0","0","0","0","0","0","1","2","2","2","3","3","3","3","3","3","3"
"13836","Turbaco","19","Bolivar","10.33276916","-75.42440917","0","0","0","0","0","0","0","0","0","0","0","0","0","0","0","0","0","0","0","0","0","0","0","0","0","0","0","0","4","4","5","5","5","6","6","6","6","6","6","6","6","6","6","7","7","7","7","7","8","8","8","9","9","10","11","11","11","11","11","11","11","11","11"
"15001","Tunja","15","Boyaca","5.539953238","-73.35548873","0","0","0","0","0","0","0","0","0","0","0","0","0","0","0","0","0","0","0","0","0","0","1","1","1","1","1","1","1","1","2","3","3","3","3","4","4","4","4","4","4","4","4","4","4","4","4","4","4","4","4","4","4","4","4","4","4","4","4","4","4","4","4"
"15131","Caldas","15","Boyaca","5.554575079","-73.865541","0","0","0","0","0","0","0","0","0","0","0","0","0","0","0","0","0","0","0","0","0","0","0","0","0","0","0","0","0","0","0","0","0","0","0","0","0","0","0","0","0","0","0","0","0","0","0","0","0","0","0","0","1","1","1","1","1","1","1","1","1","1","1"
"15176","Chiquinquira","15","Boyaca","5.61412789","-73.81838763","0","0","0","0","0","0","0","0","0","0","0","0","0","0","0","0","0","0","0","0","0","0","0","0","0","0","0","0","0","0","0","0","0","0","0","0","0","0","0","0","0","0","0","0","0","0","0","0","0","0","0","1","1","1","1","1","1","1","1","1","1","1","1"
"15223","Cubara","15","Boyaca","7.000092875","-72.11068776","0","0","0","0","0","0","0","0","0","0","0","0","0","0","0","0","0","0","0","0","0","0","0","0","0","0","0","0","0","0","0","0","0","0","0","0","0","0","0","0","0","0","0","0","0","0","0","0","0","0","0","0","0","0","0","1","1","1","1","1","1","1","1"
"15238","Duitama","15","Boyaca","5.82298568","-73.03060967","0","0","0","0","0","0","0","0","0","0","0","0","0","0","0","0","0","0","0","0","0","0","0","0","0","0","0","0","0","0","0","0","0","0","0","0","0","0","0","0","0","0","0","0","0","0","0","0","0","0","0","0","0","0","0","0","1","1","1","1","1","1","1"
"15299","Garagoa","15","Boyaca","5.083243463","-73.36442756","0","0","0","0","0","0","0","0","0","0","0","0","0","0","0","0","0","0","0","0","0","0","0","0","0","0","0","0","0","0","0","0","0","0","0","0","0","0","0","0","0","0","0","0","0","0","0","0","0","0","0","0","0","0","0","0","0","0","0","1","1","1","1"
"15500","Oicata","15","Boyaca","5.595234239","-73.30840398","0","0","0","0","0","0","0","0","0","0","0","0","0","0","0","0","0","0","0","0","0","0","0","0","0","0","0","1","1","1","1","1","1","1","1","1","1","1","1","1","1","1","1","1","1","1","1","1","1","1","1","1","1","1","1","1","1","1","1","1","1","1","1"
"15686","Santana","15","Boyaca","6.057413107","-73.48122632","0","0","0","0","0","0","0","0","0","0","0","0","0","0","0","0","0","0","0","0","0","0","1","1","1","1","1","1","1","2","2","2","2","2","2","2","2","2","2","2","2","2","2","2","2","2","2","2","2","2","2","2","2","2","2","2","2","2","2","2","2","2","3"
"15757","Socha","15","Boyaca","5.996713021","-72.69196586","0","0","0","0","0","0","0","0","0","0","0","0","0","0","0","0","0","0","0","0","0","0","0","0","0","0","0","0","0","0","0","0","0","0","0","0","0","0","0","0","0","0","0","0","0","0","0","0","0","0","0","0","0","0","0","0","0","0","0","0","0","0","2"
"15759","Sogamoso","15","Boyaca","5.72568939","-72.92304769","0","0","0","0","0","0","0","0","0","0","0","0","0","0","0","0","0","0","0","0","0","0","0","0","0","0","0","0","0","0","0","0","0","0","0","0","0","0","0","0","0","0","0","0","0","0","0","0","0","0","0","0","0","0","0","0","0","0","2","2","2","2","2"
"15798","Tenza","15","Boyaca","5.077074351","-73.42058911","0","0","0","0","0","0","0","0","0","0","0","0","0","0","0","0","0","0","0","0","0","0","0","0","0","0","0","0","0","0","0","0","0","0","0","2","2","2","2","2","2","2","2","2","2","2","2","2","2","2","2","2","2","2","2","2","2","2","2","2","2","2","2"
"15816","Togui","15","Boyaca","5.937438225","-73.51365506","0","0","0","0","0","0","0","0","0","0","0","0","0","0","0","0","0","0","0","0","0","0","0","0","0","0","0","0","0","2","2","2","2","2","2","4","4","4","4","4","4","5","5","5","5","5","5","5","5","5","5","10","10","10","10","10","10","10","10","10","10","10","10"
"17001","Manizales","17","Caldas","5.057688197","-75.49104898","0","0","0","0","0","0","0","0","0","0","0","1","1","1","1","2","3","4","4","4","5","5","5","5","5","5","5","5","5","5","5","5","5","5","5","6","6","8","8","8","8","8","8","10","10","10","10","10","10","11","11","11","12","12","13","13","14","18","18","18","18","18","18"
"17042","Anserma","17","Caldas","5.236474391","-75.78434266","0","0","0","0","0","0","0","0","0","0","0","0","0","0","0","0","0","0","0","0","0","0","0","0","0","0","1","1","1","1","1","1","1","1","1","1","1","1","1","1","1","1","1","1","1","1","1","1","1","1","1","1","1","1","1","1","1","1","1","1","1","1","1"
"17174","Chinchina","17","Caldas","4.985812862","-75.60748073","0","0","0","0","0","0","0","0","0","0","0","0","0","1","2","2","2","2","2","2","2","2","2","2","3","3","3","3","3","3","3","3","3","3","3","3","3","3","3","3","3","3","3","3","3","4","4","4","4","4","4","4","4","4","4","4","4","4","4","4","4","4","4"
"17380","La Dorada","17","Caldas","5.444406098","-74.65820562","0","0","0","0","0","0","0","0","0","0","0","0","1","1","1","1","2","2","2","2","2","2","2","2","2","2","2","2","2","2","2","2","3","3","3","3","3","3","3","9","10","10","12","12","12","12","12","12","12","12","12","14","17","17","17","19","19","21","21","21","21","21","22"
"17444","Marquetalia","17","Caldas","5.297524561","-75.05309703","0","0","0","0","0","0","0","0","0","0","0","0","0","0","0","0","0","0","0","0","0","0","0","0","0","0","0","0","0","0","0","0","0","0","0","0","0","0","0","0","0","0","0","0","0","0","0","0","0","0","0","0","0","0","0","0","1","1","1","1","1","1","1"
"17873","Villamaria","17","Caldas","5.043806686","-75.5137606","0","0","0","0","0","0","0","0","0","0","0","0","0","1","1","1","1","1","1","1","1","1","1","1","1","1","1","1","2","2","2","2","3","3","3","3","3","3","3","3","3","3","3","3","3","3","3","3","3","3","3","3","3","3","3","3","3","4","4","4","4","4","4"
"17877","Viterbo","17","Caldas","5.062664236","-75.87060986","0","0","0","0","0","0","0","0","0","0","0","0","0","0","0","0","1","1","1","1","1","2","2","2","2","2","2","2","2","2","2","2","2","2","2","2","2","2","2","2","2","2","2","2","2","2","2","2","2","2","2","2","2","2","2","2","2","2","2","2","2","2","2"
"19001","Popayan","19","Cauca","2.482503391","-76.57406468","0","0","0","0","0","0","0","0","0","0","0","0","0","2","3","3","3","4","4","4","4","4","4","4","4","5","7","7","7","7","7","7","8","8","8","9","9","9","10","10","10","10","10","10","10","10","10","10","10","10","10","10","13","13","14","14","14","16","16","16","16","16","16"
"19256","El Tambo","19","Cauca","2.45137136","-76.81077225","0","0","0","0","0","0","0","0","0","0","0","0","0","0","0","0","0","0","0","0","0","0","0","0","0","0","0","0","0","0","0","0","0","0","0","0","0","0","0","0","0","0","0","0","0","0","0","0","0","0","0","0","1","1","1","1","1","1","1","1","1","1","1"
"19300","Guachene","19","Cauca","3.134153295","-76.39218874","0","0","0","0","0","0","0","0","0","0","0","0","0","0","0","0","0","0","0","0","0","0","0","0","0","0","0","0","0","0","0","0","0","0","0","0","0","0","0","0","0","0","0","0","0","0","1","1","1","1","1","1","1","1","1","1","1","1","1","1","1","1","1"
"19455","Miranda","19","Cauca","3.253095405","-76.22886987","0","0","0","0","0","0","0","0","0","0","0","0","0","0","0","0","0","0","0","0","0","0","0","0","0","0","0","0","0","0","0","0","0","0","0","0","0","0","0","0","0","1","1","1","1","1","1","1","1","2","2","4","4","4","4","5","5","5","5","5","5","5","5"
"19573","Puerto Tejada","19","Cauca","3.233294127","-76.4173078","0","0","0","0","0","0","0","0","0","0","0","0","0","0","0","0","0","0","0","0","0","0","0","0","0","0","0","0","0","0","0","0","0","0","0","0","0","0","0","0","0","0","0","0","0","0","0","0","0","0","0","0","0","1","2","2","2","2","2","2","2","2","2"
"19807","Timbio","19","Cauca","2.349976425","-76.68423879","0","0","0","0","0","0","0","0","0","0","0","0","0","0","0","0","0","0","0","0","0","0","0","0","0","0","0","0","0","0","0","0","0","0","0","0","0","0","0","0","0","0","1","1","1","1","1","1","1","1","1","1","1","1","1","1","1","1","1","1","1","1","1"
"20001","Valledupar","20","Cesar","10.46048122","-73.25938931","0","0","0","0","0","0","0","0","0","0","1","1","1","1","1","1","1","1","1","2","4","5","5","8","9","14","15","15","16","24","25","26","26","27","27","28","28","28","28","28","28","29","29","30","33","33","33","33","33","33","34","36","37","38","39","40","41","41","41","42","42","42","42"
"20011","Aguachica","20","Cesar","8.310336958","-73.59902859","0","0","0","0","0","0","0","0","0","0","0","0","0","0","0","0","0","0","0","0","0","0","0","0","0","0","0","0","0","0","0","0","0","0","0","0","0","0","0","0","0","0","0","0","1","1","1","1","1","1","1","1","1","1","1","1","1","1","1","1","1","1","1"
"20013","Agustin Codazzi","20","Cesar","10.04045799","-73.23839617","0","0","0","0","0","0","0","0","0","0","0","0","0","0","0","0","0","0","0","0","0","0","0","0","0","0","0","0","0","0","0","0","0","0","0","0","0","0","0","0","0","0","0","0","2","2","2","2","2","2","2","2","2","2","2","2","2","2","2","4","4","4","4"
"20060","Bosconia","20","Cesar","9.9750947","-73.88876766","0","0","0","0","0","0","0","0","0","0","0","0","0","0","0","0","0","0","0","0","0","0","0","0","0","0","0","0","0","0","0","0","0","0","0","0","0","0","0","0","0","0","0","0","0","0","0","0","1","1","1","1","1","1","1","1","1","1","1","1","1","1","1"
"20178","Chiriguana","20","Cesar","9.361189611","-73.60014444","0","0","0","0","0","0","0","0","0","0","0","0","0","0","0","0","0","0","0","0","0","0","0","0","0","0","0","0","0","0","0","0","0","0","0","0","0","0","0","0","0","0","0","0","0","0","0","0","0","0","0","0","0","0","0","0","1","1","1","1","1","1","1"
"20400","La Jagua de Ibirico","20","Cesar","9.5638873","-73.33422791","0","0","0","0","0","0","0","0","0","0","0","0","0","0","0","0","0","0","0","0","0","0","0","0","0","0","0","0","0","0","0","0","0","0","0","0","0","0","0","0","0","0","0","0","0","0","0","0","0","0","0","0","0","0","0","0","1","1","1","1","1","1","1"
"20621","La Paz","20","Cesar","10.38748954","-73.17136291","0","0","0","0","0","0","0","0","0","0","0","0","0","0","0","0","0","0","0","0","0","0","0","0","0","0","0","0","0","0","0","0","0","0","0","0","0","0","0","0","0","0","0","0","0","1","1","1","1","1","1","1","1","1","1","1","1","1","1","1","1","1","1"
"20750","San Diego","20","Cesar","10.33303286","-73.18121808","0","0","0","0","0","0","0","0","0","0","0","0","0","0","0","0","0","0","0","0","0","0","0","0","0","0","0","1","1","1","1","1","1","1","1","1","1","1","1","1","1","1","1","1","1","1","1","1","1","1","1","1","1","2","2","2","2","2","2","2","2","2","2"
"23001","Monteria","23","Cordoba","8.745132591","-75.87557791","0","0","0","0","0","0","0","0","0","0","0","0","0","0","0","0","0","0","0","0","0","0","0","1","1","1","1","1","1","1","1","1","1","1","2","2","2","2","3","5","5","5","5","5","6","6","6","7","7","8","8","8","9","9","9","9","9","9","9","9","9","9","10"
"23162","Cerete","23","Cordoba","8.888611812","-75.79621652","0","0","0","0","0","0","0","0","0","0","0","0","0","0","0","0","0","0","0","0","0","0","0","0","0","0","0","0","0","1","1","1","1","1","1","1","1","1","1","1","1","1","1","1","1","1","1","1","1","1","1","1","1","1","1","1","1","1","1","1","1","1","1"
"23417","Lorica","23","Cordoba","9.240855143","-75.8159954","0","0","0","0","0","0","0","0","0","0","0","0","0","0","0","0","0","0","0","0","0","0","0","0","0","0","0","0","0","0","0","0","0","0","0","0","0","0","0","0","0","0","0","0","0","0","0","0","0","0","0","0","0","0","0","1","1","1","1","1","1","1","1"
"23660","Sahagun","23","Cordoba","8.943125416","-75.4459203","0","0","0","0","0","0","0","0","0","0","0","0","0","0","0","0","0","0","0","0","1","1","1","1","1","1","1","1","1","1","1","1","1","1","1","1","1","1","1","1","1","1","1","1","1","1","1","1","1","1","1","1","1","1","1","1","1","1","1","1","1","1","1"
"23807","Tierralta","23","Cordoba","8.170378684","-76.05969659","0","0","0","0","0","0","0","0","0","0","0","0","0","0","0","0","0","0","0","0","0","0","0","0","0","0","0","0","0","0","0","0","0","0","0","0","0","0","0","0","0","0","0","0","1","1","1","1","1","1","1","1","1","1","1","1","1","1","1","1","1","1","1"
"25035","Anapoima","25","Cundinamarca","4.562956175","-74.52851753","0","0","0","0","0","0","0","0","0","0","0","0","0","0","0","1","1","1","1","1","1","1","1","1","1","1","1","2","2","2","2","2","2","2","2","2","2","2","2","2","2","2","2","2","2","2","2","2","2","2","2","2","2","2","2","2","2","2","2","2","2","2","2"
"25126","Cajica","25","Cundinamarca","4.920809059","-74.02345397","0","0","0","0","0","0","0","0","1","1","1","1","3","4","4","4","4","4","4","4","4","4","4","4","4","4","6","6","6","6","6","6","6","6","6","6","6","6","6","7","7","7","8","8","9","9","9","10","10","11","13","13","13","14","14","14","14","14","14","15","15","15","15"
"25175","Chia","25","Cundinamarca","4.866065424","-74.05034682","0","0","0","0","0","0","0","0","0","0","1","1","2","3","3","3","3","3","3","3","3","3","3","3","3","3","3","5","6","6","6","7","7","9","9","9","9","9","14","14","16","16","16","16","16","16","16","16","16","16","16","18","18","19","19","19","19","19","19","19","19","19","19"
"25181","Choachi","25","Cundinamarca","4.527047921","-73.92289448","0","0","0","0","0","0","0","0","0","0","0","0","0","0","0","0","0","0","0","0","0","0","0","0","0","0","0","1","1","1","1","1","1","1","1","1","1","1","1","1","1","1","1","1","1","1","1","1","1","1","1","1","1","1","1","1","1","1","1","1","1","1","1"
"25200","Cogua","25","Cundinamarca","5.061841798","-73.97849669","0","0","0","0","0","0","0","0","0","0","0","0","0","0","0","0","0","0","0","0","0","0","0","0","0","0","0","0","0","0","0","0","0","0","0","0","0","0","0","0","0","0","0","0","0","0","0","0","0","0","0","0","0","0","1","1","1","1","1","1","1","1","1"
"25214","Cota","25","Cundinamarca","4.812987769","-74.10272646","0","0","0","0","0","0","0","0","0","0","0","0","0","1","1","1","1","1","1","1","1","1","1","1","2","2","3","3","4","4","5","5","7","7","7","7","7","7","7","7","7","7","7","7","7","7","7","7","7","7","7","8","8","9","9","9","9","9","9","9","9","9","9"
"25269","Facatativa","25","Cundinamarca","4.813064178","-74.35022793","0","0","0","0","0","0","0","0","0","0","0","0","0","0","0","0","0","0","0","0","0","0","0","0","0","0","0","0","0","0","0","0","0","0","0","0","0","0","0","0","0","0","0","0","0","0","0","1","1","1","1","1","1","1","1","1","1","1","1","2","2","2","2"
"25286","Funza","25","Cundinamarca","4.712763015","-74.211525","0","0","0","0","0","0","0","0","0","0","0","0","0","0","0","0","0","0","0","0","0","0","0","0","0","0","0","0","0","0","0","0","0","0","0","0","0","0","0","0","2","3","3","3","3","3","3","3","4","4","4","5","5","5","5","5","5","5","6","6","6","6","6"
"25290","Fusagasuga","25","Cundinamarca","4.338480851","-74.36633393","0","0","0","0","0","0","0","0","0","0","0","0","0","0","0","0","1","1","1","1","1","1","1","1","1","1","1","1","1","1","1","1","1","1","1","1","1","1","1","1","1","1","1","1","1","1","1","1","1","1","1","1","1","1","1","1","1","5","5","5","5","5","5"
"25377","La Calera","25","Cundinamarca","4.720344521","-73.96974496","0","0","0","0","0","0","0","0","0","0","0","0","0","0","0","0","0","0","0","0","0","0","0","0","1","1","1","1","1","1","1","1","1","1","1","1","1","1","1","1","1","1","1","1","1","1","1","1","1","1","1","1","1","1","1","1","1","1","1","1","1","1","1"
"25430","Madrid","25","Cundinamarca","4.736129766","-74.26562577","0","0","0","0","0","0","0","0","0","0","0","0","0","0","0","0","0","0","0","0","1","1","1","1","2","2","3","4","4","4","4","4","4","4","4","4","4","5","5","5","5","5","5","5","5","5","5","5","5","5","5","5","5","5","5","5","5","5","5","5","5","5","5"
"25473","Mosquera","25","Cundinamarca","4.711371201","-74.23177508","0","0","0","0","0","0","0","0","0","0","0","0","0","0","0","1","1","1","1","2","2","2","2","2","2","2","2","2","2","2","2","2","2","2","2","2","2","2","2","2","2","2","2","2","3","3","3","3","3","3","3","4","4","5","6","7","8","8","8","8","8","8","8"
"25513","Pacho","25","Cundinamarca","5.136942297","-74.15611662","0","0","0","0","0","0","0","0","0","0","0","0","0","0","0","0","0","0","1","1","1","1","1","1","1","1","1","1","1","1","1","1","1","1","1","1","2","2","2","2","3","3","3","3","3","10","10","10","10","10","10","10","10","10","10","10","10","10","10","10","10","10","10"
"25662","San Juan de Rioseco","25","Cundinamarca","4.847575999","-74.62191472","0","0","0","0","0","0","0","0","0","0","0","0","0","0","0","0","0","0","0","0","0","0","0","0","0","0","0","0","0","0","0","0","0","0","0","1","1","1","1","1","1","1","1","1","1","1","1","1","1","1","1","1","1","1","1","2","2","2","2","2","2","2","2"
"25754","Soacha","25","Cundinamarca","4.585491658","-74.21452753","0","0","0","0","0","0","0","0","0","0","0","0","0","2","2","3","3","3","3","3","3","3","3","3","3","3","3","4","7","9","9","10","10","10","11","13","14","15","16","17","18","20","21","22","25","27","27","30","30","31","31","40","41","42","44","46","48","50","52","53","53","53","54"
"25758","Sopo","25","Cundinamarca","4.906330809","-73.94577489","0","0","0","0","0","0","0","0","0","0","0","0","0","0","0","0","0","0","0","0","0","0","0","0","0","0","0","0","0","0","1","1","1","1","1","2","2","2","2","2","2","2","2","2","2","2","2","2","2","3","3","3","3","3","3","3","3","3","3","4","4","4","4"
"25769","Subachoque","25","Cundinamarca","4.929079289","-74.17270846","0","0","0","0","0","0","0","0","0","0","0","0","0","0","0","0","0","0","0","0","0","1","1","1","1","1","1","1","1","1","2","2","2","2","2","2","2","2","2","2","2","2","2","2","2","2","2","2","2","2","2","2","2","2","2","3","3","3","3","3","3","3","3"
"25772","Suesca","25","Cundinamarca","5.103516839","-73.79828978","0","0","0","0","0","0","0","0","0","0","0","0","0","0","0","0","0","0","0","0","0","0","0","0","0","0","0","0","0","0","0","0","0","0","2","2","2","2","2","3","3","3","3","3","3","3","3","3","3","3","3","3","3","3","3","3","3","3","3","3","3","3","3"
"25799","Tenjo","25","Cundinamarca","4.871960537","-74.14395621","0","0","0","0","0","0","0","0","0","0","0","0","0","0","0","0","0","0","0","0","0","0","0","0","0","0","0","0","0","0","0","0","0","0","0","0","0","0","0","0","0","0","0","1","1","1","1","1","1","1","1","2","2","2","2","2","2","2","2","2","2","2","2"
"25817","Tocancipa","25","Cundinamarca","4.964786354","-73.91209121","0","0","0","0","0","0","0","0","0","0","0","0","0","0","0","0","0","0","0","0","0","0","2","2","2","2","2","2","2","2","2","2","2","2","2","2","2","3","3","3","3","3","3","3","3","3","3","3","3","3","3","3","3","3","3","3","3","3","3","3","3","3","3"
"25843","Villa de San Diego de Ubate","25","Cundinamarca","5.307540984","-73.81434634","0","0","0","0","0","0","0","0","0","0","0","0","0","0","0","0","0","0","0","0","0","0","0","0","0","0","0","0","0","0","0","0","0","0","1","1","2","2","2","2","2","2","2","2","2","2","2","2","2","2","2","2","2","2","2","2","2","2","2","2","2","2","2"
"25873","Villapinzon","25","Cundinamarca","5.216438372","-73.59535467","0","0","0","0","0","0","0","0","0","0","0","0","0","0","0","0","0","0","0","0","0","0","0","0","0","0","0","0","0","0","0","0","0","1","1","1","1","1","2","2","2","2","2","2","2","2","2","2","2","2","2","2","2","2","2","2","2","2","2","2","2","2","2"
"25875","Villeta","25","Cundinamarca","5.012790639","-74.46970495","0","0","0","0","0","0","0","0","0","0","0","0","0","0","0","0","0","0","0","0","0","0","0","0","0","0","0","0","0","0","0","0","1","1","1","2","2","2","2","4","4","4","4","4","4","4","4","4","4","4","4","4","4","4","4","4","4","4","4","4","4","4","4"
"25899","Zipaquira","25","Cundinamarca","5.025471685","-73.99447124","0","0","0","0","0","0","0","0","0","0","0","0","0","0","0","0","0","0","0","0","0","0","0","0","0","0","0","1","1","1","1","2","3","3","3","3","4","4","4","5","5","5","5","5","5","5","5","5","5","6","7","8","9","9","9","9","9","9","9","9","9","9","9"
"27001","Quibdo","27","Choco","5.692195187","-76.62596936","0","0","0","0","0","0","0","0","0","0","0","0","0","0","0","0","0","0","0","0","0","0","0","0","0","0","0","0","0","0","0","0","0","0","0","0","0","0","0","0","0","2","2","2","3","3","3","3","3","3","3","3","3","3","3","3","3","8","8","8","8","8","8"
"41001","Neiva","41","Huila","2.935604415","-75.27772259","0","0","0","0","0","0","0","0","0","3","4","5","5","6","6","8","8","10","11","12","13","13","13","14","15","18","19","19","20","20","23","24","24","25","25","25","26","26","26","29","30","33","34","35","36","39","40","40","41","41","41","42","42","46","46","47","48","48","48","48","48","48","48"
"41006","Acevedo","41","Huila","1.805263228","-75.88853156","0","0","0","0","0","0","0","0","0","0","0","0","0","0","0","0","0","0","0","0","0","0","0","0","0","0","0","0","0","0","0","0","0","0","0","0","0","0","0","0","0","0","1","1","1","1","1","1","1","1","1","1","1","1","1","1","1","1","1","1","1","1","1"
"41016","Aipe","41","Huila","3.223597562","-75.23903118","0","0","0","0","0","0","0","0","0","0","0","0","0","0","0","0","0","0","0","0","0","0","0","0","0","0","0","0","0","0","0","0","0","0","0","0","0","0","0","0","0","0","0","0","0","1","1","1","1","1","1","1","1","1","1","1","1","1","1","1","1","1","1"
"41298","Garzon","41","Huila","2.196994421","-75.62769374","0","0","0","0","0","0","0","0","0","0","0","0","0","0","0","0","0","0","0","0","0","0","0","0","0","0","0","0","0","0","0","0","0","0","0","0","0","0","0","0","0","0","0","0","0","0","0","0","0","0","0","0","0","0","0","1","1","1","1","1","1","1","1"
"41306","Gigante","41","Huila","2.388235625","-75.54121989","0","0","0","0","0","0","0","0","0","0","0","0","0","0","0","0","0","0","0","0","0","0","0","0","0","0","0","0","0","0","0","0","0","0","0","0","0","0","0","0","0","0","1","1","1","1","1","1","1","1","1","2","2","2","2","2","2","2","2","2","2","2","2"
"41518","Paicol","41","Huila","2.449548949","-75.77299232","0","0","0","0","0","0","0","0","0","0","0","0","0","0","0","0","0","0","0","0","0","0","0","0","0","0","0","0","0","0","0","0","0","0","0","0","0","0","0","0","0","0","0","1","1","1","1","1","1","1","1","1","2","2","2","2","2","2","2","2","2","2","2"
"41524","Palermo","41","Huila","2.888406236","-75.43371912","0","0","0","0","0","0","0","0","0","0","0","0","0","0","0","0","0","0","0","0","0","0","0","0","0","0","0","0","0","2","3","3","3","3","3","3","3","3","3","3","3","3","3","3","3","3","3","3","3","3","3","3","3","3","4","4","4","4","4","4","4","4","4"
"41551","Pitalito","41","Huila","1.852578355","-76.0487449","0","0","0","0","0","0","0","0","0","0","0","0","0","0","0","0","0","0","0","0","0","0","0","0","0","0","0","0","0","0","0","0","0","0","0","0","0","0","0","0","0","0","1","1","1","1","1","1","1","1","1","1","1","1","1","1","1","2","2","2","2","2","2"
"41668","San Agustin","41","Huila","1.881081298","-76.27035968","0","0","0","0","0","0","0","0","0","0","0","0","0","0","0","0","0","0","0","0","0","0","0","0","0","0","0","0","0","0","0","0","0","0","0","0","0","0","0","0","0","0","0","0","0","0","0","0","0","0","0","0","0","0","0","2","2","2","2","2","2","2","2"
"41807","Timana","41","Huila","1.974224443","-75.932087","0","0","0","0","0","0","0","0","0","0","0","0","0","0","0","0","0","0","0","0","0","0","0","0","0","0","0","0","0","0","0","0","0","0","0","0","0","0","0","0","0","0","0","0","0","0","0","0","0","0","0","0","0","0","0","1","1","1","1","1","1","1","1"
"44001","Riohacha","44","La Guajira","11.52875138","-72.91148891","0","0","0","0","0","0","0","0","0","0","0","0","0","0","0","0","0","0","0","0","0","0","0","0","1","1","1","1","1","1","1","1","1","1","1","1","1","1","1","1","1","1","1","1","1","1","1","1","1","1","1","3","4","4","5","5","5","5","5","5","5","5","5"
"47001","Santa Marta","47","Magdalena","11.2294335","-74.19089412","0","0","0","0","0","0","0","0","0","0","0","0","0","0","0","0","0","0","0","0","0","1","2","3","5","5","6","7","7","8","8","8","11","15","20","20","21","22","22","26","27","27","28","28","29","30","33","35","45","46","48","52","56","61","62","66","68","71","72","74","74","74","75"
"47189","Cienaga","47","Magdalena","11.00665688","-74.24128616","0","0","0","0","0","0","0","0","0","0","0","0","0","0","0","0","0","0","0","0","0","1","1","1","1","1","2","2","2","2","4","4","4","5","5","5","5","5","5","5","5","5","5","5","6","6","6","6","6","6","7","16","16","20","20","20","23","27","31","32","32","32","32"
"50001","Villavicencio","50","Meta","4.1238615","-73.62709204","0","0","0","0","0","0","0","0","1","1","1","1","1","2","3","3","3","3","4","4","7","7","7","7","7","7","7","8","8","9","9","9","9","9","9","9","9","13","13","13","21","21","21","22","22","22","22","22","22","22","26","30","35","37","38","38","38","41","43","43","43","43","46"
"50006","Acacias","50","Meta","3.990120663","-73.76593665","0","0","0","0","0","0","0","0","0","0","0","0","0","0","0","0","0","0","0","0","0","0","0","0","0","0","0","0","0","1","1","1","1","1","1","1","1","1","1","1","1","1","1","1","1","1","1","1","1","1","2","2","3","3","3","3","3","6","6","7","7","7","7"
"50313","Granada","50","Meta","3.546694724","-73.70571533","0","0","0","0","0","0","0","0","0","0","0","0","0","0","0","0","0","0","0","0","0","0","0","0","0","0","0","0","0","0","0","0","0","0","0","0","0","0","0","0","0","0","0","0","0","0","0","0","0","0","0","0","0","0","0","1","1","1","1","1","1","1","1"
"50606","Restrepo","50","Meta","4.260731994","-73.56460418","0","0","0","0","0","0","0","0","0","0","0","0","0","0","0","0","0","0","0","0","0","0","0","0","0","0","0","0","0","0","0","0","0","0","0","0","0","0","0","0","0","0","0","1","1","1","1","1","1","1","1","1","2","2","2","2","2","2","2","2","2","2","2"
"52001","Pasto","52","Narino","1.212124365","-77.27857635","0","0","0","0","0","0","0","0","0","0","0","0","0","0","0","1","1","1","1","1","1","1","1","1","1","1","2","2","2","2","2","2","4","5","5","5","5","5","6","6","6","6","6","6","6","6","6","6","6","7","7","8","9","10","10","12","12","12","12","13","13","13","13"
"52210","Contadero","52","Narino","0.910457863","-77.54940902","0","0","0","0","0","0","0","0","0","0","0","0","0","0","0","0","0","0","0","0","0","0","0","0","0","0","0","0","0","0","0","0","0","0","1","1","1","1","1","1","1","1","1","1","1","1","1","1","1","1","1","1","1","1","1","1","1","1","1","1","1","1","1"
"52224","Cuaspud","52","Narino","0.862978103","-77.72894683","0","0","0","0","0","0","0","0","0","0","0","0","0","0","0","0","0","0","0","0","0","0","0","0","0","0","0","0","0","0","0","0","0","0","0","0","0","0","0","0","0","0","0","0","0","0","0","0","0","0","1","1","1","1","1","1","1","1","1","1","1","1","1"
"52227","Cumbal","52","Narino","0.906185361","-77.79227662","0","0","0","0","0","0","0","0","0","0","0","0","0","0","0","0","0","0","0","0","0","0","0","0","0","0","0","0","0","0","0","0","0","0","2","2","2","2","2","2","2","2","2","2","2","2","2","2","2","2","2","2","3","3","3","3","3","3","3","3","3","3","3"
"52233","Cumbitara","52","Narino","1.646845971","-77.57814673","0","0","0","0","0","0","0","0","0","0","0","0","0","0","0","0","0","0","0","0","0","0","0","0","0","0","0","0","0","0","0","0","0","1","1","1","1","1","1","1","1","1","1","1","1","1","1","1","1","1","1","1","1","1","1","1","1","1","1","1","1","1","1"
"52356","Ipiales","52","Narino","0.827734241","-77.64640075","0","0","0","0","0","0","0","0","0","0","0","0","0","0","0","0","0","0","0","0","0","0","0","0","0","0","0","0","0","0","0","0","0","2","3","5","5","5","5","5","5","5","5","5","9","16","16","16","17","17","17","17","17","17","19","29","29","29","30","32","32","32","33"
"52381","La Florida","52","Narino","1.299192232","-77.40643084","0","0","0","0","0","0","0","0","0","0","0","0","0","0","0","0","0","0","0","0","0","0","0","0","0","0","0","0","0","0","0","0","0","0","0","0","0","0","0","0","0","0","0","0","0","0","0","0","0","0","0","0","0","0","0","1","1","1","1","1","1","1","1"
"52399","La Union","52","Narino","1.600268613","-77.13115435","0","0","0","0","0","0","0","0","0","0","0","0","0","0","0","0","0","0","0","0","0","0","0","0","0","0","0","0","0","0","0","0","1","1","1","1","1","1","1","1","1","1","1","1","1","1","1","1","1","1","1","1","1","1","1","1","1","1","1","1","1","1","1"
"52835","San Andres de Tumaco","52","Narino","1.80711725","-78.76385415","0","0","0","0","0","0","0","0","0","0","0","0","0","0","0","0","0","0","0","0","0","0","0","0","1","1","1","1","1","1","1","1","1","1","1","1","1","1","2","2","2","2","2","2","2","2","2","2","2","2","2","3","3","3","3","8","8","8","8","8","8","8","8"
"54001","Cucuta","54","Norte de Santander","7.905306295","-72.5082562","0","0","0","0","0","0","0","0","0","0","1","1","1","1","2","4","4","4","4","4","4","4","4","4","6","6","8","8","9","9","10","10","12","13","20","21","21","23","28","31","32","36","36","37","37","37","37","37","38","41","41","41","44","45","48","51","52","52","52","52","52","52","53"
"54405","Los Patios","54","Norte de Santander","7.833256289","-72.50571256","0","0","0","0","0","0","0","0","0","0","0","0","0","0","0","1","1","1","1","1","1","1","1","1","1","1","1","1","1","1","1","1","1","1","1","1","1","2","2","2","2","2","2","2","2","2","2","2","2","2","2","2","2","2","2","2","2","2","2","2","2","2","2"
"54498","Ocana","54","Norte de Santander","8.247453792","-73.3558144","0","0","0","0","0","0","0","0","0","0","0","0","0","0","0","0","0","0","0","0","0","0","0","0","0","0","0","0","0","0","0","0","0","0","0","0","0","0","0","0","0","0","0","0","0","0","0","0","0","0","0","0","0","1","1","1","1","1","1","1","1","1","1"
"54553","Puerto Santander","54","Norte de Santander","8.360945615","-72.41031378","0","0","0","0","0","0","0","0","0","0","0","0","0","0","0","0","0","0","0","0","0","0","0","0","0","0","0","0","0","0","0","0","0","0","0","0","0","0","0","0","0","0","0","0","0","0","0","0","0","0","0","1","1","1","1","1","1","1","1","1","1","1","1"
"54810","Tibu","54","Norte de Santander","8.639548853","-72.73591863","0","0","0","0","0","0","0","0","0","0","0","0","0","0","0","0","0","0","0","0","0","0","0","0","0","0","0","0","0","0","0","0","0","0","0","0","0","0","0","0","0","0","0","0","0","0","0","0","0","0","0","0","0","0","1","1","1","1","1","1","1","1","1"
"54820","Toledo","54","Norte de Santander","7.310031828","-72.48510732","0","0","0","0","0","0","0","0","0","0","0","0","0","0","0","0","0","0","0","0","0","0","0","0","0","0","0","0","0","0","0","0","0","0","0","0","0","0","0","0","0","0","0","0","0","0","0","0","0","0","0","1","1","1","1","1","1","1","1","1","1","1","1"
"54874","Villa del Rosario","54","Norte de Santander","7.847487432","-72.47006734","0","0","0","0","0","0","0","0","0","0","0","0","0","0","1","1","1","1","1","1","1","1","1","1","1","1","1","1","1","1","1","1","1","1","1","1","1","3","3","3","3","3","3","3","3","3","3","3","3","3","3","3","3","3","3","3","3","3","3","3","3","3","3"
"63001","Armenia","63","Quindio","4.535989502","-75.68075076","0","0","0","0","0","0","0","0","0","0","0","0","0","0","2","3","3","6","6","6","10","11","11","11","12","14","14","19","23","24","24","24","24","25","25","26","26","28","28","29","29","30","30","30","30","32","35","35","36","36","37","39","39","39","39","40","40","41","41","41","41","41","41"
"63130","Calarca","63","Quindio","4.515281846","-75.64908836","0","0","0","0","0","0","0","0","0","0","0","0","0","0","0","0","0","0","0","0","0","0","0","0","0","0","0","4","4","4","4","5","5","5","5","5","5","5","5","5","6","7","7","7","7","7","7","7","7","7","7","7","7","7","7","7","7","7","7","7","7","7","7"
"63190","Circasia","63","Quindio","4.617792043","-75.63652823","0","0","0","0","0","0","0","0","0","0","0","0","0","0","0","0","0","0","0","0","1","1","1","1","1","2","2","2","2","2","2","2","2","2","2","2","2","2","2","3","3","3","3","3","3","3","3","3","3","3","3","3","3","3","3","3","3","3","3","3","3","3","3"
"63272","Filandia","63","Quindio","4.674145572","-75.65868588","0","0","0","0","0","0","0","0","0","0","0","0","0","0","0","0","0","0","0","0","0","0","0","0","0","0","0","0","0","0","0","0","0","0","0","0","1","1","1","1","1","1","1","1","1","1","1","1","1","1","1","1","1","1","1","1","1","1","1","1","1","1","1"
"63401","La Tebaida","63","Quindio","4.453650416","-75.78646018","0","0","0","0","0","0","0","0","0","0","0","0","0","0","0","0","0","0","0","0","0","0","0","0","0","1","1","1","1","1","1","1","1","1","1","1","1","1","1","1","1","1","1","1","1","1","1","1","1","1","1","1","2","2","2","2","2","2","2","2","2","2","2"
"63470","Montenegro","63","Quindio","4.562959743","-75.75181224","0","0","0","0","0","0","0","0","0","0","0","0","0","0","0","0","0","0","0","0","1","1","1","1","1","1","1","3","3","3","3","3","3","3","3","3","3","3","3","3","3","3","3","3","3","3","3","3","3","3","3","3","3","3","3","3","3","3","3","3","3","3","3"
"66001","Pereira","66","Risaralda","4.805680265","-75.71712306","0","0","0","0","0","0","0","0","0","1","1","1","1","2","3","3","4","4","5","6","8","8","8","10","13","15","15","16","18","19","19","21","21","21","22","22","24","24","25","25","25","28","36","39","41","43","46","49","49","59","66","77","81","84","88","90","93","98","101","101","102","102","102"
"66170","Dosquebradas","66","Risaralda","4.827187832","-75.68246912","0","0","0","0","0","0","0","0","0","0","0","1","1","1","1","1","2","2","3","3","3","3","3","4","5","5","6","6","6","6","6","6","6","6","6","8","10","10","10","10","11","15","21","21","25","28","29","29","30","32","35","40","40","40","40","40","40","42","42","45","45","45","45"
"66400","La Virginia","66","Risaralda","4.898666957","-75.88405843","0","0","0","0","0","0","0","0","0","0","0","0","0","0","0","0","0","0","0","0","0","0","0","0","0","0","0","0","0","0","0","0","0","0","0","0","0","0","0","0","0","0","0","0","0","0","0","0","0","0","0","0","0","0","0","1","1","2","2","2","2","2","2"
"66682","Santa Rosa de Cabal","66","Risaralda","4.867526454","-75.62001066","0","0","0","0","0","0","0","0","0","0","0","0","0","0","0","0","0","0","0","0","0","0","0","0","0","0","0","0","0","0","0","0","0","0","0","0","1","1","1","1","1","1","1","1","2","2","2","2","2","2","2","2","2","3","3","3","3","3","3","3","3","3","3"
"68001","Bucaramanga","68","Santander","7.116267276","-73.13259818","0","0","0","0","0","0","0","0","0","0","0","0","1","1","1","1","1","1","1","1","1","1","2","2","2","5","7","8","9","10","10","10","11","11","11","11","11","11","11","12","12","13","13","13","13","13","13","13","13","13","13","13","13","13","13","13","13","13","13","13","13","13","13"
"68081","Barrancabermeja","68","Santander","7.064963864","-73.84995698","0","0","0","0","0","0","0","0","0","0","0","0","0","0","0","0","0","0","0","0","0","0","0","0","0","0","1","2","2","2","2","2","2","2","2","2","2","2","4","4","5","5","5","5","5","5","5","5","5","5","5","5","5","5","5","5","5","5","5","5","5","5","5"
"68190","Cimitarra","68","Santander","6.320681867","-73.95258212","0","0","0","0","0","0","0","0","0","0","0","0","0","0","0","0","0","0","0","0","0","0","0","0","0","1","1","1","2","2","2","2","2","2","2","2","2","2","2","2","2","2","2","2","2","2","2","2","2","2","2","2","2","2","2","2","2","2","2","2","2","2","2"
"68207","Concepcion","68","Santander","6.768836528","-72.69459425","0","0","0","0","0","0","0","0","0","0","0","0","0","0","0","0","0","0","0","0","0","0","0","0","0","0","1","1","1","1","1","1","1","1","1","1","1","1","1","1","1","1","1","1","1","1","1","1","1","1","1","1","1","1","1","1","1","1","1","1","1","1","1"
"68229","Curiti","68","Santander","6.605106785","-73.06939052","0","0","0","0","0","0","0","0","0","0","0","0","0","0","0","0","0","0","0","0","0","0","0","0","0","0","0","0","0","1","1","1","1","1","1","1","1","1","1","1","1","1","1","1","1","1","1","1","1","1","1","1","1","1","1","1","1","1","1","1","1","1","1"
"68276","Floridablanca","68","Santander","7.072360403","-73.09903262","0","0","0","0","0","0","0","0","0","0","0","0","0","0","0","0","1","2","2","2","2","2","2","2","3","3","3","5","6","6","6","6","6","6","6","6","6","6","6","6","6","6","6","7","7","7","7","7","7","7","7","7","7","7","7","7","7","7","7","7","7","7","7"
"68547","Piedecuesta","68","Santander","6.997475804","-73.05466085","0","0","0","0","0","0","0","0","0","0","0","0","0","0","0","0","0","0","0","0","0","0","0","0","0","0","0","0","0","0","0","0","0","0","0","0","0","0","0","0","0","0","0","0","0","0","0","0","0","0","0","0","0","1","1","1","1","1","1","1","1","1","1"
"70001","Sincelejo","70","Sucre","9.302333104","-75.39548356","0","0","0","0","0","0","0","0","0","0","0","0","0","0","0","0","0","0","0","0","0","0","1","1","1","1","1","1","1","1","1","1","1","1","1","1","1","1","1","1","1","1","1","1","1","1","1","1","1","1","1","1","1","1","1","1","1","1","1","1","1","1","1"
"73001","Ibague","73","Tolima","4.439608991","-75.19371478","0","0","0","0","0","0","0","0","0","0","0","1","1","2","2","2","3","4","4","7","9","9","9","9","9","10","10","10","10","12","12","14","16","17","18","19","19","19","19","19","19","20","20","24","24","25","25","25","25","25","26","28","41","41","48","48","48","64","64","64","64","64","64"
"73268","Espinal","73","Tolima","4.151314221","-74.88544976","0","0","0","0","0","0","0","0","0","0","0","0","0","0","0","0","0","0","0","0","0","0","0","0","0","0","0","0","0","0","0","0","0","0","0","0","0","0","0","0","0","0","0","1","1","1","1","1","1","1","1","1","2","2","2","2","2","2","2","2","2","2","2"
"73449","Melgar","73","Tolima","4.208154892","-74.6298504","0","0","0","0","0","0","0","0","0","0","0","0","0","0","0","0","0","0","0","0","0","0","0","0","0","0","0","0","0","0","0","0","0","0","0","0","0","0","0","0","0","0","0","0","0","0","0","0","0","0","0","1","1","1","1","1","1","1","1","1","1","1","1"
"76001","Cali","76","Valle del Cauca","3.414414305","-76.52156515","0","0","0","0","0","0","0","0","1","1","1","3","3","7","7","8","11","12","14","15","16","18","20","21","21","30","32","33","38","45","52","55","59","64","68","78","88","110","117","124","133","150","166","172","191","198","203","216","224","233","242","273","293","299","322","345","363","373","384","408","414","414","419"
"76109","Buenaventura","76","Valle del Cauca","3.875802437","-77.0117402","0","0","0","0","0","0","0","0","0","0","0","0","0","0","0","0","0","0","0","0","0","0","0","0","0","0","0","0","0","0","0","0","0","0","0","0","0","0","0","0","0","1","3","4","4","4","4","5","5","5","6","6","6","7","9","9","10","10","10","10","12","12","12"
"76111","Guadalajara de Buga","76","Valle del Cauca","3.900823544","-76.29896113","0","0","0","0","1","1","1","1","1","1","1","1","1","1","1","1","1","1","1","1","1","1","1","1","1","1","1","1","1","1","1","1","1","1","1","1","1","1","1","1","1","2","2","2","2","2","2","2","2","2","2","3","3","3","3","3","3","4","4","5","5","5","5"
"76126","Calima","76","Valle del Cauca","3.933524463","-76.48439175","0","0","0","0","0","0","0","0","0","0","0","0","0","0","0","0","0","0","0","0","0","1","1","1","1","1","1","1","1","1","1","1","1","1","1","1","1","1","1","1","1","1","1","1","1","1","1","1","1","1","1","1","1","1","1","1","1","1","1","1","1","1","1"
"76130","Candelaria","76","Valle del Cauca","3.407766466","-76.34642891","0","0","0","0","0","0","0","0","0","0","0","0","0","0","0","0","0","0","0","0","0","0","0","0","0","0","0","0","0","0","0","0","0","0","0","0","0","0","0","0","0","0","0","0","0","0","0","1","1","1","1","1","1","1","1","1","1","1","1","1","1","1","1"
"76147","Cartago","76","Valle del Cauca","4.758755098","-75.94226404","0","0","0","0","0","0","0","1","1","1","1","1","1","1","1","1","2","2","2","2","3","3","3","3","3","3","4","4","4","4","5","5","5","5","5","6","6","6","6","6","6","6","6","7","7","7","7","7","7","7","7","7","7","7","7","8","8","8","8","9","9","9","9"
"76248","El Cerrito","76","Valle del Cauca","3.684258941","-76.31172554","0","0","0","0","0","0","0","0","0","0","0","0","0","0","0","0","0","0","0","0","0","0","0","0","0","0","0","0","0","0","0","0","0","0","0","0","0","0","0","0","0","1","1","1","1","2","3","3","3","3","3","3","3","3","4","5","5","5","5","5","6","6","6"
"76250","El Dovio","76","Valle del Cauca","4.510452885","-76.23708411","0","0","0","0","0","0","0","0","0","0","0","0","0","0","0","0","0","0","0","0","0","0","0","0","0","0","0","0","1","1","1","1","1","1","1","1","3","3","3","3","3","3","3","3","3","3","3","3","3","3","3","3","3","3","3","3","3","3","3","3","3","3","3"
"76275","Florida","76","Valle del Cauca","3.323918106","-76.23450174","0","0","0","0","0","0","0","0","0","0","0","0","0","0","0","0","0","0","0","0","0","0","0","0","0","0","0","0","0","0","0","0","0","0","0","0","0","0","0","0","0","0","0","0","0","0","0","0","3","3","3","3","3","3","3","3","3","3","4","5","5","5","5"
"76318","Guacari","76","Valle del Cauca","3.762909008","-76.33136735","0","0","0","0","0","0","0","0","0","0","0","0","0","0","0","0","0","0","0","0","0","0","0","0","0","0","0","0","0","0","0","0","0","0","0","0","0","0","0","0","0","0","0","0","0","0","0","0","0","0","0","0","0","0","1","1","1","1","1","1","1","1","1"
"76364","Jamundi","76","Valle del Cauca","3.26227576","-76.54245873","0","0","0","0","0","0","0","0","0","0","0","0","0","0","0","0","0","0","0","0","0","0","0","0","0","0","0","0","0","0","0","0","1","1","1","1","2","3","3","3","4","4","4","4","4","4","5","5","5","5","5","5","5","5","5","6","6","6","7","8","8","8","8"
"76400","La Union","76","Valle del Cauca","4.533783288","-76.09960718","0","0","0","0","0","0","0","0","0","0","0","0","0","0","0","0","0","0","0","0","0","0","0","0","0","0","0","0","1","1","1","1","1","1","1","1","1","1","1","1","1","1","1","1","1","1","1","1","1","1","1","1","1","1","1","1","1","1","1","1","1","1","1"
"76520","Palmira","76","Valle del Cauca","3.532349153","-76.29858255","0","0","0","0","0","0","1","1","1","1","1","2","2","4","5","5","6","7","7","7","7","7","7","7","8","8","11","11","11","13","15","15","15","15","16","18","18","18","18","19","19","19","20","20","20","22","22","22","22","22","22","23","26","26","27","28","28","28","28","28","28","29","29"
"76606","Restrepo","76","Valle del Cauca","3.821348382","-76.52311704","0","0","0","0","0","0","0","0","0","0","0","0","0","0","0","0","0","0","0","0","0","0","0","0","0","0","0","0","0","0","0","0","0","0","0","0","0","0","0","0","0","0","0","0","0","0","0","0","0","0","0","0","0","0","0","0","0","0","0","1","1","1","1"
"76670","San Pedro","76","Valle del Cauca","3.994992607","-76.22853779","0","0","0","0","0","0","0","0","0","0","0","0","0","0","0","0","0","0","0","0","0","0","0","0","0","0","1","1","1","1","1","1","1","1","1","1","1","1","1","1","1","1","1","1","1","1","2","2","2","2","2","2","2","2","2","2","2","2","2","2","2","2","2"
"76828","Trujillo","76","Valle del Cauca","4.212050806","-76.31880894","0","0","0","0","0","0","0","0","0","0","0","0","0","0","0","0","0","0","0","0","0","0","0","0","0","0","0","0","0","0","0","0","0","0","0","0","1","1","1","1","1","1","1","1","1","1","1","1","1","1","1","2","2","2","2","2","2","2","2","3","3","3","3"
"76834","Tulua","76","Valle del Cauca","4.085261239","-76.19769968","0","0","0","0","0","0","0","0","0","0","0","0","0","0","0","0","0","0","0","0","0","0","0","0","0","1","1","1","1","1","2","2","2","2","2","3","3","3","3","5","5","5","5","5","5","5","5","5","5","5","5","5","5","5","5","11","11","11","11","13","13","13","13"
"76845","Ulloa","76","Valle del Cauca","4.702513911","-75.73774747","0","0","0","0","0","0","0","0","0","0","0","0","0","0","0","0","0","0","0","0","0","0","0","0","0","0","0","0","0","0","1","1","1","1","1","1","1","1","1","1","1","1","1","1","1","1","1","1","1","1","1","1","1","1","1","1","1","1","1","1","1","1","1"
"76869","Vijes","76","Valle del Cauca","3.698587929","-76.44196521","0","0","0","0","0","0","0","0","0","0","0","0","0","0","0","0","0","0","0","0","0","0","0","0","0","0","0","0","0","0","0","0","0","0","0","0","0","0","0","0","0","0","0","0","0","0","0","1","1","1","1","1","1","1","1","1","1","1","1","1","5","5","5"
"76890","Yotoco","76","Valle del Cauca","3.861214584","-76.38247445","0","0","0","0","0","0","0","0","0","0","0","0","0","0","0","0","0","0","0","0","0","0","0","0","0","0","0","0","0","0","0","0","0","0","0","0","0","0","0","1","1","1","1","1","1","1","1","1","1","1","1","1","1","1","1","1","1","1","1","1","1","1","1"
"76892","Yumbo","76","Valle del Cauca","3.528968908","-76.49981978","0","0","0","0","0","0","0","0","0","0","0","0","0","0","0","0","0","0","0","0","0","1","1","1","1","1","1","1","3","3","4","4","4","4","4","4","4","4","4","4","4","4","4","4","5","5","6","6","10","11","11","12","12","13","14","14","14","14","14","15","15","15","17"
"85001","Yopal","85","Casanare","5.327612651","-72.39691516","0","0","0","0","0","0","0","0","0","0","0","0","0","0","0","1","1","1","1","2","2","2","2","2","2","2","2","4","4","4","4","4","6","6","6","6","6","6","6","6","6","6","6","6","6","6","6","6","6","6","6","7","8","9","9","9","9","9","9","9","9","9","9"
"88001","San Andres","88","Archipielago de San Andres Providencia y Santa Catalina","12.58301369","-81.69606298","0","0","0","0","0","0","0","0","0","0","0","0","0","0","0","0","0","0","0","0","1","1","1","1","1","1","1","1","1","1","2","2","2","2","2","3","3","3","3","3","3","3","3","3","3","4","4","4","4","4","4","4","4","4","4","4","4","4","4","4","5","5","5"
"91001","Leticia","91","Amazonas","-4.199836935","-69.94142671","0","0","0","0","0","0","0","0","0","0","0","0","0","0","0","0","0","0","0","0","0","0","0","0","0","0","0","0","0","0","0","0","0","0","0","0","0","0","0","0","0","0","0","0","0","1","1","1","2","2","2","12","23","25","27","28","28","31","31","31","31","31","31"
